"","Gene","Median"
"Aak1","Aak1",15.084281313047
"Aars1","Aars1",14.5850599979044
"Abcd3","Abcd3",12.9715726636352
"Abhd10","Abhd10",13.8141758405634
"Abhd12","Abhd12",12.3630834472081
"Abi1","Abi1",13.815183376229
"Ablim1","Ablim1",14.6827210753429
"Ablim2","Ablim2",14.512500725675
"Abr","Abr",14.2686335042932
"Acaa2","Acaa2",14.1448869055013
"Acadvl","Acadvl",14.498322360901
"Acbd5","Acbd5",12.9955435977793
"Acly","Acly",13.6550273154404
"Acot1","Acot1",13.2918757550336
"Acot9","Acot9",13.2567379777819
"Acp1","Acp1",13.6442542814825
"Actb","Actb",16.0049247864468
"Actr10","Actr10",12.7165734502695
"Actr2","Actr2",13.7753230525712
"Add1","Add1",15.7556404625819
"Add2","Add2",16.5388662183316
"Afdn","Afdn",14.1968533399721
"Agap3","Agap3",13.0587935106365
"Agfg2","Agfg2",12.926477617616
"Ahsa1","Ahsa1",15.2411608308771
"Ahsa2","Ahsa2",13.0081773359371
"Aip","Aip",12.5634537516774
"Ak2","Ak2",14.3114039474218
"Akap12","Akap12",18.0547713737263
"Alkbh3","Alkbh3",13.1442168464059
"Ampd2","Ampd2",14.6066646697289
"Amph","Amph",13.9788844871036
"Ank1","Ank1",14.9031642248699
"Ank2","Ank2",17.1154420000233
"Ank3","Ank3",15.6981477857358
"Ankrd13d","Ankrd13d",13.595664797613
"Anp32a","Anp32a",15.7034415442665
"Anxa11","Anxa11",15.9806255276501
"Anxa6","Anxa6",15.9459595595629
"Ap2b1","Ap2b1",13.4010957976366
"Ap2m1","Ap2m1",11.7526364446892
"Ap3b2","Ap3b2",14.6808633540255
"Ap3d1","Ap3d1",14.4892263760086
"Ap3s1","Ap3s1",14.3788549567136
"Apoa4","Apoa4",13.1619229856913
"Aqp1","Aqp1",14.3135703967186
"Aqp5","Aqp5",13.82964346395
"Araf","Araf",15.1537263138463
"Arap1","Arap1",13.4647830339887
"Arf5","Arf5",13.383631002557
"Arfgap1","Arfgap1",13.3238748193017
"Arfgap2","Arfgap2",14.2194677586204
"Arfgap3","Arfgap3",13.4565982934529
"Arfgef1","Arfgef1",13.3465608900736
"Arfgef3","Arfgef3",12.1230615844524
"Arfip2","Arfip2",13.1205458104493
"Arhgap1","Arhgap1",15.7221987612417
"Arhgap17","Arhgap17",14.5232248790593
"Arhgap21","Arhgap21",15.7137657160269
"Arhgap28","Arhgap28",14.2016555922432
"Arhgap44","Arhgap44",14.1245245774411
"Arhgdia","Arhgdia",15.5407611482399
"Arhgef18","Arhgef18",14.3468322540544
"Arl15","Arl15",14.4444815264673
"Arpc5","Arpc5",13.1194777670144
"Arpin","Arpin",14.3267558290639
"Asap1","Asap1",15.0627688317495
"Atg2b","Atg2b",14.1482728919907
"Atl1","Atl1",13.5701445004421
"Atp1a1","Atp1a1",16.2275310900855
"Atp1b1","Atp1b1",12.1140725379732
"Atp2a1","Atp2a1",13.1913825352838
"Atp2b1","Atp2b1",13.7086851634176
"Atp5f1a","Atp5f1a",16.0403637049883
"Atp6v1a","Atp6v1a",15.3827804812726
"Atp6v1b2","Atp6v1b2",12.6341924069655
"Atp6v1h","Atp6v1h",13.0518529788323
"Atp8a1","Atp8a1",12.2789702015307
"Avil","Avil",19.3465815409919
"Bag3","Bag3",15.5755605210525
"Basp1","Basp1",14.1456126491537
"Bcar1","Bcar1",12.407457647582
"Bcas3","Bcas3",15.6442634363774
"Bin1","Bin1",13.8495967398945
"Birc6","Birc6",14.9179907517356
"Blmh","Blmh",14.421487533262
"Brcc3","Brcc3",12.9814495497592
"Brd4","Brd4",13.3161400583249
"C2cd2","C2cd2",12.1747041444109
"C3","C3",12.8114910999326
"Cadm1","Cadm1",14.2102451128227
"Cadm3","Cadm3",13.4573810380321
"Cadps","Cadps",16.3934714079961
"Calm1","Calm1",15.5821734860851
"Calml3","Calml3",16.0211954553182
"Camk2d","Camk2d",14.7844743495862
"Camsap1","Camsap1",12.171570888607
"Camsap2","Camsap2",12.5446063148643
"Camsap3","Camsap3",13.398691697875
"Caprin1","Caprin1",13.3986973980504
"Capza2","Capza2",13.5971109612959
"Capzb","Capzb",15.5139113366775
"Caskin1","Caskin1",14.1552501512926
"Cav2","Cav2",13.866368025251
"Ccdc22","Ccdc22",14.0189130028849
"Ccs","Ccs",12.9878519859093
"Cct5","Cct5",12.9909920756647
"Cct8","Cct8",18.1061497007477
"Cd2ap","Cd2ap",14.4141887172949
"Cd44","Cd44",13.1897180203168
"Cdc37","Cdc37",14.1969496876403
"Cdc42bpb","Cdc42bpb",13.3961975690632
"Cdv3","Cdv3",12.9090003408248
"Cend1","Cend1",16.0868885271993
"Cep170","Cep170",17.3790578273386
"Cep170b","Cep170b",13.7708311041339
"Cept1","Cept1",12.2797306508361
"Cgnl1","Cgnl1",14.279376786078
"Champ1","Champ1",13.1245478521408
"Chmp3","Chmp3",14.7236769410877
"Chmp4b","Chmp4b",16.6452436767707
"Chmp7","Chmp7",13.1676533486756
"Chp1","Chp1",12.564742550148
"Ciapin1","Ciapin1",14.2958192499716
"Cisd1","Cisd1",14.8641571201863
"Ckap5","Ckap5",15.0928398990543
"Ckb","Ckb",13.1943650405839
"Clasp2","Clasp2",15.5405407847626
"Clic1","Clic1",15.3771399518581
"Clint1","Clint1",14.7965080217246
"Clip2","Clip2",13.4756735196326
"Cltb","Cltb",14.1473461040003
"Cltc","Cltc",14.1594339503962
"Clybl","Clybl",14.0200634714354
"Cndp2","Cndp2",13.2353166759959
"Cnn3","Cnn3",15.1763981458519
"Col16a1","Col16a1",12.8047431731033
"Col4a1","Col4a1",14.7150981989654
"Col4a2","Col4a2",13.5649853248494
"Col6a2","Col6a2",13.2218501775246
"Coro1a","Coro1a",13.8177663928093
"Coro1b","Coro1b",11.3838986544615
"Coro2a","Coro2a",12.248182572667
"Cox5b","Cox5b",13.8125583898531
"Cplx1","Cplx1",15.4955082479094
"Cpne3","Cpne3",14.5753064776697
"Cr1l","Cr1l",15.0773688408993
"Crip2","Crip2",17.6295668042516
"Crmp1","Crmp1",13.5508343951884
"Csde1","Csde1",13.5189341538923
"Csnk1a1","Csnk1a1",14.8670031952337
"Cstf2","Cstf2",13.2028011913632
"Ctbp1","Ctbp1",14.6122080329182
"Ctdsp2","Ctdsp2",13.6057225704035
"Ctnnd1","Ctnnd1",15.5026710426785
"Cul4b","Cul4b",12.8859471304909
"Cul5","Cul5",13.3465768741169
"Cyld","Cyld",12.6313489227611
"Cysrt1","Cysrt1",14.8775034274981
"Dclk1","Dclk1",13.3307616162564
"Dctn1","Dctn1",13.1219428871064
"Dctn2","Dctn2",14.4903369986925
"Dctn4","Dctn4",16.5337676179747
"Ddx17","Ddx17",12.748419903423
"Decr1","Decr1",12.2784784976835
"Dgkh","Dgkh",15.7681197158851
"Dgki","Dgki",14.5959350829647
"Dgkz","Dgkz",14.2966300936893
"Diras2","Diras2",16.2392038932635
"Dld","Dld",14.0695089509485
"Dmtn","Dmtn",15.8422353158703
"Dmxl2","Dmxl2",13.563431671902
"Dnajc6","Dnajc6",13.8031815286308
"Dnm1","Dnm1",13.8010805449211
"Dnm1l","Dnm1l",15.5307118489514
"Dnm3","Dnm3",13.8193703408684
"Dock11","Dock11",13.9287724076759
"Dock7","Dock7",14.6249506034761
"Dpp3","Dpp3",12.715627399632
"Dpysl2","Dpysl2",18.025349761335
"Dpysl3","Dpysl3",15.2341322296041
"Drg2","Drg2",13.2600960426006
"Dsc1","Dsc1",18.1187276027115
"Dst","Dst",15.4211429532385
"Dusp3","Dusp3",13.7271282225185
"Dync1h1","Dync1h1",13.7940908507027
"Dync1i2","Dync1i2",14.5247126140262
"Dync1li1","Dync1li1",15.4046184136557
"Dync1li2","Dync1li2",15.2334434660828
"Ecm1","Ecm1",16.2437560318452
"Efemp1","Efemp1",12.7254289543299
"Efl1","Efl1",13.343782550087
"Efr3a","Efr3a",12.9039797288223
"Ehbp1","Ehbp1",14.0201640379313
"Ehd1","Ehd1",14.0329280011609
"Ehd3","Ehd3",13.7996526386993
"Ehd4","Ehd4",13.2145425839987
"Eif4b","Eif4b",17.0676465834191
"Eif4g2","Eif4g2",14.5154537787937
"Eif4g3","Eif4g3",12.6050506690192
"Eif5","Eif5",13.540915056731
"Eln","Eln",14.7020472575617
"Elp4","Elp4",13.0494336929212
"Eml1","Eml1",14.0112011526469
"Enah","Enah",13.379938522486
"Epb41l1","Epb41l1",15.5481041808873
"Epb41l3","Epb41l3",18.5944937549739
"Epn2","Epn2",14.3277712519525
"Eps15","Eps15",15.8177095834162
"Eps15l1","Eps15l1",15.7717956027185
"Ermp1","Ermp1",13.4523500467451
"Esyt1","Esyt1",15.6041689789921
"Esyt2","Esyt2",13.9561173419907
"Etfa","Etfa",13.605576456874
"Ewsr1","Ewsr1",15.3628201184478
"Exoc3","Exoc3",13.0849922330265
"Exoc4","Exoc4",13.6646151103093
"Exosc5","Exosc5",12.6564941794153
"FAM120A","FAM120A",15.0315921833191
"Fam114a2","Fam114a2",14.2485740949934
"Fbln5","Fbln5",13.9003740844281
"Fbn1","Fbn1",19.3657879747084
"Fermt2","Fermt2",14.7927979016713
"Fga","Fga",14.5776209507341
"Fhl1","Fhl1",16.1500341085722
"Fkbp15","Fkbp15",14.5755986279708
"Flg","Flg",19.1962049268384
"Flot1","Flot1",14.6514404761673
"Flot2","Flot2",15.090798216769
"Fmn2","Fmn2",12.2524570996357
"Fmnl1","Fmnl1",13.7918923845582
"Fn1","Fn1",15.5855954942719
"Fnbp1","Fnbp1",13.9093311706098
"Fnbp1l","Fnbp1l",13.8889198550447
"Fry","Fry",11.6063100601667
"Fubp1","Fubp1",15.0247960086083
"Gab1","Gab1",13.2353390317366
"Gabbr1","Gabbr1",14.7049486227726
"Gak","Gak",12.7893423376489
"Gapvd1","Gapvd1",13.781263867437
"Gbe1","Gbe1",12.8364192684617
"Gga3","Gga3",13.7410531740036
"Git1","Git1",13.6599002170875
"Glmn","Glmn",12.9773715946973
"Glo1","Glo1",16.0245393164851
"Glod4","Glod4",13.7638703664542
"Glrx3","Glrx3",12.6587969059403
"Gls","Gls",14.5865060839312
"Glud1","Glud1",14.0724576940758
"Gmds","Gmds",14.8533826630973
"Gnai2","Gnai2",13.1897396374731
"Gnao1","Gnao1",14.5393248672152
"Gorasp2","Gorasp2",11.6026578542526
"Gphn","Gphn",12.3829648062719
"Gprin1","Gprin1",12.9786322159896
"Grk2","Grk2",16.0058972230915
"Gsk3b","Gsk3b",14.11580087362
"H1-2","H1-2",21.5116545136044
"H3-3a","H3-3a",17.7617523879237
"Hgs","Hgs",12.486281676093
"Hk1","Hk1",14.2112191541901
"Hmox2","Hmox2",12.8720264836149
"Hs1bp3","Hs1bp3",13.9919121110275
"Hspa12a","Hspa12a",13.3094176927136
"Hspe1","Hspe1",15.6193995115205
"Hspg2","Hspg2",13.6465044651962
"Hsph1","Hsph1",15.8071792751192
"Huwe1","Huwe1",11.8255814952626
"Idh1","Idh1",14.895038764665
"Impa1","Impa1",12.8651490796696
"Impact","Impact",13.05999132594
"Ip6k1","Ip6k1",13.4362430585998
"Ipo7","Ipo7",14.2957869220872
"Iqcb1","Iqcb1",11.6859007386245
"Irgq","Irgq",12.5050761629542
"Itgb1","Itgb1",12.950597814056
"Itsn2","Itsn2",12.6658865946644
"Jcad","Jcad",12.383007613583
"Jpt1","Jpt1",13.2260403317684
"Jund","Jund",14.1223403841728
"Katnal1","Katnal1",14.5901528387435
"Katnal2","Katnal2",14.1103038589744
"Katnb1","Katnb1",12.0704262267068
"Kcna2","Kcna2",13.7648046344517
"Kctd16","Kctd16",13.7907068593153
"Kif21a","Kif21a",13.7777932435521
"Kif5a","Kif5a",13.1548466796677
"Kif5b","Kif5b",14.2067630701082
"Kif5c","Kif5c",13.2907082629261
"Klc1","Klc1",14.6031203759746
"Klc2","Klc2",15.1220634445005
"Kng1","Kng1",12.4277135371082
"Kpna3","Kpna3",14.8536521094767
"Krt20","Krt20",14.0339572684791
"Krt25","Krt25",14.976796177732
"Krt31","Krt31",14.5785682811063
"Krt80","Krt80",11.8366085282188
"L1cam","L1cam",13.4115771894594
"Lama3","Lama3",12.5591476177982
"Larp1","Larp1",14.0430692792548
"Lasp1","Lasp1",15.4423217531712
"Lcp1","Lcp1",14.3007732967049
"Ldha","Ldha",14.9774072776694
"Letm1","Letm1",12.6629131056143
"Lgals8","Lgals8",12.5889285653055
"Lmnb2","Lmnb2",14.7976390052052
"Lnpk","Lnpk",14.4960339639262
"Loxl1","Loxl1",12.971675662584
"Lpcat1","Lpcat1",13.4620092743839
"Lrsam1","Lrsam1",14.6343973218691
"Luc7l","Luc7l",14.8675206912201
"Lum","Lum",16.0915522317493
"Luzp1","Luzp1",13.5023450211745
"Lypla2","Lypla2",17.7950627585496
"Lzic","Lzic",16.8324618297392
"Lztfl1","Lztfl1",13.0869271543701
"Madd","Madd",14.0227881430685
"Magi3","Magi3",14.2828731882795
"Mal2","Mal2",13.0639056645228
"Map1a","Map1a",17.4050197015122
"Map1b","Map1b",19.1239317812865
"Map3k3","Map3k3",14.183795218544
"Map4","Map4",19.5556010923005
"Map6","Map6",18.7559748300013
"Map7","Map7",14.4497483536833
"Map7d1","Map7d1",13.7530452381936
"Map7d2","Map7d2",13.6815094001475
"Mapk3","Mapk3",14.7287187517534
"Mapre1","Mapre1",14.7714807513003
"Mapt","Mapt",17.6373055996734
"Mast1","Mast1",12.6646928502229
"Mctp2","Mctp2",12.7939799785763
"Mdh2","Mdh2",14.644955471919
"Med15","Med15",12.4131289841743
"Mfap2","Mfap2",13.9234212566207
"Mical1","Mical1",14.1800321149419
"Mical3","Mical3",13.213087973127
"Mindy1","Mindy1",13.5842785060845
"Mink1","Mink1",13.8011556857149
"Mks1","Mks1",14.6086822616084
"Mob1a","Mob1a",11.9821272699475
"Mon2","Mon2",13.8169402497844
"Mpp1","Mpp1",13.6749227499469
"Mprip","Mprip",13.0741695384891
"Mtarc2","Mtarc2",12.135170579391
"Mtss1","Mtss1",12.7344171102414
"Mup1","Mup1",14.5677036850627
"Myh9","Myh9",17.7756175583836
"Myl12b","Myl12b",13.1442395981204
"Myo18a","Myo18a",13.2682921532473
"Myo1e","Myo1e",14.7512809336294
"NARS1","NARS1",14.1464207632795
"Nap1l1","Nap1l1",14.6855581091577
"Nap1l4","Nap1l4",14.1201987365788
"Napg","Napg",12.9269549399739
"Ncam1","Ncam1",17.013316244493
"Ncoa7","Ncoa7",14.4377222852262
"Ncor2","Ncor2",13.6749370669355
"Ndrg3","Ndrg3",13.3418662513122
"Ndufaf2","Ndufaf2",13.388205684709
"Ndufaf7","Ndufaf7",12.9420185248766
"Necap1","Necap1",13.5061788536325
"Necap2","Necap2",13.3040973585414
"Nedd4","Nedd4",13.3129843430135
"Nedd4l","Nedd4l",13.173937112599
"Nefh","Nefh",16.7363141399457
"Nefl","Nefl",14.7336962918602
"Nefm","Nefm",18.7501203082988
"Nek7","Nek7",12.898179646562
"Nek9","Nek9",13.0796097808702
"Nolc1","Nolc1",11.313971371059
"Nsf","Nsf",14.6034479001116
"Nsun5","Nsun5",16.1483832329758
"Nudc","Nudc",15.168654192441
"Nudt5","Nudt5",14.2606950413914
"Numb","Numb",15.0311023962243
"Numbl","Numbl",14.5998554370971
"Ola1","Ola1",12.5022749018162
"Osbpl3","Osbpl3",14.0862443998733
"Osmr","Osmr",12.812032835602
"Oxr1","Oxr1",13.3765216634751
"Oxsr1","Oxsr1",11.4681301636891
"Pa2g4","Pa2g4",15.136546607693
"Pacs1","Pacs1",13.2066680239664
"Pacs2","Pacs2",12.9510032003951
"Pacsin1","Pacsin1",14.5948843999364
"Pafah1b1","Pafah1b1",12.2821820420282
"Paics","Paics",12.3396234025995
"Paip1","Paip1",12.7664671511092
"Palld","Palld",13.0245031901461
"Palm","Palm",16.2825498693424
"Palm2","Palm2",12.2206073429975
"Palmd","Palmd",13.0057219783579
"Park7","Park7",14.156651949891
"Pccb","Pccb",14.5701034594881
"Pcdh12","Pcdh12",15.5568388598341
"Pclo","Pclo",13.1681955237339
"Pcmt1","Pcmt1",15.2200872530513
"Pcyt2","Pcyt2",13.5255587654159
"Pdcd6ip","Pdcd6ip",13.8318735646385
"Pdlim5","Pdlim5",14.2650036159325
"Pdxdc1","Pdxdc1",13.7378081736142
"Pdzd8","Pdzd8",13.3301964932752
"Pebp1","Pebp1",16.1356095080692
"Pex14","Pex14",12.6944654053986
"Pex5l","Pex5l",13.443997308199
"Pfkm","Pfkm",13.6510741480695
"Pfkp","Pfkp",13.2145855009883
"Pgm2l1","Pgm2l1",13.1045790981847
"Pgrmc2","Pgrmc2",13.2238659628051
"Phaf1","Phaf1",14.0546361304939
"Phb","Phb",12.2782171214713
"Phb2","Phb2",13.4891261941272
"Phf24","Phf24",15.0788759704981
"Phldb1","Phldb1",13.5961108210905
"Pik3c3","Pik3c3",12.6419726946349
"Pitpnm1","Pitpnm1",12.8913702070527
"Pitpnm2","Pitpnm2",13.0481135574297
"Plaa","Plaa",15.1304268817733
"Plcb3","Plcb3",14.7753743570674
"Plec","Plec",16.2598657119796
"Plpp3","Plpp3",12.6538086323602
"Pls3","Pls3",14.1794230756676
"Plscr3","Plscr3",13.4350972357634
"Postn","Postn",13.5931877339769
"Ppid","Ppid",13.9707989018876
"Ppip5k1","Ppip5k1",12.8973008272369
"Ppip5k2","Ppip5k2",13.1503959118934
"Ppm1b","Ppm1b",13.0441862398289
"Ppp1ca","Ppp1ca",13.8593435467322
"Ppp1cc","Ppp1cc",12.9063038017473
"Ppp1r18","Ppp1r18",13.7414125915672
"Ppp1r2","Ppp1r2",15.7256239227586
"Ppp3ca","Ppp3ca",16.5003964827939
"Ppp4r4","Ppp4r4",13.0621539186352
"Ppp6r1","Ppp6r1",13.1701003028161
"Ppp6r2","Ppp6r2",13.0841761765081
"Ppp6r3","Ppp6r3",13.0996788038712
"Praf2","Praf2",16.2568197039226
"Prkar2a","Prkar2a",13.1668841272153
"Prkar2b","Prkar2b",15.6312982461504
"Prkcd","Prkcd",14.1682282094739
"Prkcq","Prkcq",13.4278103901289
"Prkg1","Prkg1",13.2255714089291
"Prmt8","Prmt8",12.940541179939
"Prom2","Prom2",14.1251260898353
"Prph","Prph",18.1039552513926
"Prune1","Prune1",16.0432995875233
"Prune2","Prune2",16.6204886459142
"Prxl2b","Prxl2b",12.9836638978106
"Psmc3","Psmc3",16.4866296792744
"Psmd14","Psmd14",14.0014645366918
"Psme1","Psme1",13.6608739348912
"Ptpn12","Ptpn12",13.7427946912271
"Ptpn23","Ptpn23",13.6076185962201
"Pygb","Pygb",15.4791461546858
"Rab11b","Rab11b",14.368636047243
"Rab11fip2","Rab11fip2",12.4781451198875
"Rab11fip5","Rab11fip5",14.0501939944225
"Rab15","Rab15",15.2785474640655
"Rab21","Rab21",13.6518141083344
"Rab23","Rab23",12.4063945601171
"Rab3c","Rab3c",15.1109979815112
"Rab3gap2","Rab3gap2",13.7891003760904
"Rab5c","Rab5c",13.7006030167321
"Rab6b","Rab6b",14.1548660351548
"Rabgap1l","Rabgap1l",13.4073302765769
"Rabl6","Rabl6",13.8196588501227
"Rad50","Rad50",13.3454052467178
"Rala","Rala",13.5935305656974
"Ranbp2","Ranbp2",15.8253997960995
"Ranbp9","Ranbp9",12.8028987814521
"Rap1gap2","Rap1gap2",13.7503948838409
"Rcc2","Rcc2",11.8687444936908
"Reep5","Reep5",15.3659404780075
"Relch","Relch",12.96620328326
"Reps1","Reps1",13.2862756500396
"Reps2","Reps2",14.1496297703498
"Rer1","Rer1",13.2852938392625
"Rexo2","Rexo2",14.8170302636765
"Rgs3","Rgs3",13.9441468197448
"Rheb","Rheb",15.8672260898892
"Rimkla","Rimkla",13.8095371594615
"Rint1","Rint1",15.0484037335704
"Rnf214","Rnf214",13.7164752189859
"Rpa1","Rpa1",12.2985179932692
"Rph3a","Rph3a",13.3499089590305
"Rpl5","Rpl5",14.4565340990301
"Rps12","Rps12",16.0489316874704
"Rps23","Rps23",12.9103616586031
"Rps6ka3","Rps6ka3",14.2976764225212
"Rtn1","Rtn1",17.1858679019401
"Rtn3","Rtn3",16.6230746297342
"Rtn4","Rtn4",18.328274907621
"Rufy2","Rufy2",14.1424390799342
"Rufy3","Rufy3",16.6995584792802
"Rundc3a","Rundc3a",13.6056517954725
"Ruvbl1","Ruvbl1",16.8221844378173
"Ruvbl2","Ruvbl2",12.6745136239403
"S100a16","S100a16",17.3866055597078
"S100a6","S100a6",15.3239875132347
"Sars1","Sars1",14.3441661913154
"Scel","Scel",15.8036381760682
"Scfd1","Scfd1",13.9558202558919
"Scfd2","Scfd2",13.7339413605107
"Scn10a","Scn10a",13.5192661916983
"Scn11a","Scn11a",14.6852453838077
"Scrn3","Scrn3",13.8977095823351
"Scyl1","Scyl1",13.9611267467118
"Scyl2","Scyl2",14.2098217495803
"Sdha","Sdha",13.6993348618441
"Sec22b","Sec22b",15.3956202604868
"Sec23ip","Sec23ip",13.065072169787
"Septin3","Septin3",13.3426110357656
"Septin4","Septin4",13.8304954004839
"Septin5","Septin5",15.258426966475
"Septin7","Septin7",14.9113676145371
"Serpina1d","Serpina1d",13.4711768166054
"Sestd1","Sestd1",13.0185102855024
"Sf3b3","Sf3b3",13.6676079520414
"Sgip1","Sgip1",12.8882663669434
"Sh3bp4","Sh3bp4",13.4089166615252
"Sh3gl1","Sh3gl1",14.7745486545174
"Sh3glb2","Sh3glb2",15.1779000487374
"Shc1","Shc1",13.7799863695505
"Shc2","Shc2",13.1750246203926
"Skt","Skt",13.6568308334095
"Slain2","Slain2",12.9426914643446
"Slc12a2","Slc12a2",12.9914802728657
"Slc25a4","Slc25a4",18.1586971693611
"Slc25a46","Slc25a46",13.9479762993483
"Slc25a5","Slc25a5",16.6626819076732
"Slc27a4","Slc27a4",13.0210629708001
"Slk","Slk",12.7364646286283
"Smap1","Smap1",15.8161904728052
"Smap2","Smap2",12.8045291785099
"Smcr8","Smcr8",12.5974721098471
"Smurf1","Smurf1",13.5843636016321
"Snap25","Snap25",14.4678403605388
"Snap29","Snap29",14.7127355662444
"Snap47","Snap47",12.9825038119
"Snap91","Snap91",14.2767542397582
"Sncb","Sncb",15.6395866016235
"Sncg","Sncg",22.00686060975
"Snupn","Snupn",13.3263030772292
"Snx1","Snx1",13.7829694621984
"Snx11","Snx11",12.9726459896461
"Snx2","Snx2",13.5582730447261
"Snx9","Snx9",14.5837033432095
"Soga3","Soga3",16.3113105893731
"Sorbs1","Sorbs1",16.0799394223769
"Sptan1","Sptan1",18.257628621691
"Sptbn1","Sptbn1",15.8641200096185
"Srcin1","Srcin1",13.1697808252868
"Srgap3","Srgap3",13.1836171398871
"Srpra","Srpra",14.2354131449034
"St13","St13",13.3599354472083
"Stam","Stam",13.9013475322231
"Stam2","Stam2",12.6167682109353
"Stat3","Stat3",14.2105986365152
"Stat6","Stat6",12.8148779271899
"Stbd1","Stbd1",13.6368962228707
"Stip1","Stip1",14.2772569488878
"Stk24","Stk24",13.7594438443942
"Stmn1","Stmn1",14.9054147910157
"Stmn2","Stmn2",14.8996225470146
"Strada","Strada",13.5555792574541
"Strn","Strn",15.8160818055019
"Strn3","Strn3",13.4270271082657
"Stx7","Stx7",13.766850823703
"Stxbp1","Stxbp1",14.701957291739
"Sugt1","Sugt1",14.0026245868045
"Supt16h","Supt16h",13.2281667743575
"Syn1","Syn1",14.7774774048002
"Syn2","Syn2",13.6366959594606
"Synj1","Synj1",14.0329959357054
"Synm","Synm",16.7190361622853
"Syp","Syp",14.1090389132046
"Syt7","Syt7",12.9231174402527
"Tacc2","Tacc2",14.2454165707415
"Tagln3","Tagln3",13.0883360836795
"Tanc1","Tanc1",15.6132617315406
"Tbc1d22a","Tbc1d22a",13.0292561638219
"Tbc1d8","Tbc1d8",13.9390222202771
"Tbc1d8b","Tbc1d8b",13.722788536384
"Tbc1d9b","Tbc1d9b",12.2757345922619
"Tbcb","Tbcb",13.9434637701928
"Tcerg1","Tcerg1",13.41133584273
"Tcof1","Tcof1",14.3805189300153
"Tcp1","Tcp1",14.9945141730389
"Tdrp","Tdrp",16.4276058454394
"Tex2","Tex2",13.7073736620865
"Tgm2","Tgm2",14.1447233761114
"Thsd7a","Thsd7a",12.3237866213423
"Tigar","Tigar",15.3704434730643
"Timm44","Timm44",15.3754923700801
"Tiprl","Tiprl",13.8500000469546
"Tln2","Tln2",15.0864183284378
"Tmed10","Tmed10",12.4165072708044
"Tmem263","Tmem263",12.6306311661695
"Tmem79","Tmem79",13.0230980151125
"Tmod1","Tmod1",14.0079910593262
"Tmod2","Tmod2",13.9445046811738
"Tns2","Tns2",14.1294603665603
"Tom1","Tom1",12.6319591373373
"Tom1l2","Tom1l2",13.7135084149401
"Tomm20","Tomm20",14.9960806309824
"Tpd52","Tpd52",15.9410102171409
"Tpd52l2","Tpd52l2",15.9095396059612
"Tppp3","Tppp3",19.1735053530026
"Tpr","Tpr",13.3407646720717
"Trappc12","Trappc12",13.087791357584
"Trappc9","Trappc9",12.7903999422502
"Trarg1","Trarg1",15.0767956183413
"Trim56","Trim56",12.6103699231512
"Trpv1","Trpv1",14.421137326264
"Ttc1","Ttc1",13.1881916481198
"Tuba4a","Tuba4a",19.4924768867489
"Tubb3","Tubb3",14.2896993113489
"Tubb4a","Tubb4a",14.6583778724284
"Tubb5","Tubb5",15.3888999624649
"TurboID","TurboID",17.6739124691494
"Txn","Txn",22.111454799864
"Txnl1","Txnl1",12.5495536642581
"Uba1","Uba1",14.3426941838779
"Uba6","Uba6",13.6322891224733
"Ubash3b","Ubash3b",12.923420343852
"Ube2o","Ube2o",13.0922252401547
"Ubl4a","Ubl4a",12.5192234336243
"Uhrf1bp1l","Uhrf1bp1l",13.8943291352703
"Uqcrc2","Uqcrc2",13.9595602699671
"Usp14","Usp14",14.1080996878319
"Usp15","Usp15",13.0389261184098
"Usp5","Usp5",15.4582772150814
"Usp7","Usp7",14.2604063847243
"Utp14a","Utp14a",13.8930128823863
"Vapb","Vapb",14.2707809970683
"Vcpip1","Vcpip1",12.9710688176865
"Vdac1","Vdac1",13.2553046756107
"Vipas39","Vipas39",13.2551391232974
"Vps13a","Vps13a",13.5094686017108
"Vps13c","Vps13c",13.390982152461
"Vps37a","Vps37a",13.414347777183
"Vps4b","Vps4b",13.500315598147
"Vps8","Vps8",12.6365791125138
"Vsnl1","Vsnl1",13.553854853378
"Vwa5a","Vwa5a",18.7977877178418
"Washc2","Washc2",14.5967224303716
"Wasl","Wasl",15.0602505845212
"Wbp2","Wbp2",16.5462987311519
"Wdr44","Wdr44",14.0478181374973
"Wdr7","Wdr7",13.9621941163595
"Wipf3","Wipf3",13.7414279206063
"Wipi2","Wipi2",15.1188143387392
"Wnk1","Wnk1",15.3416060709948
"Wrnip1","Wrnip1",13.8521605060301
"Ykt6","Ykt6",14.4292890404169
"Zc2hc1a","Zc2hc1a",14.2055355431511
"Zfyve16","Zfyve16",18.470434796188
"Znf185","Znf185",14.2285888538747
