"","logFC","AveExpr","t","P.Value","adj.P.Val","B"
"Map6",5.52215867946831,18.6156124270341,74.0747773818859,6.10975718399552e-74,6.04254985497157e-71,158.15268350386
"Mapt",5.56103428466063,17.9734754777206,58.3413481385676,6.74292480925194e-63,3.33437631817509e-60,132.919218068003
"Akap12",4.51844458858203,17.2816785209372,49.583135871846,1.18087915455017e-60,3.89296494616707e-58,128.240140874127
"Ncam1",4.18828239465789,18.279379371535,46.8940256930823,7.88907568170036e-59,1.95057396230041e-56,124.078689250542
"Map1b",4.81106897650465,18.855154543221,36.9640352590563,3.95586456145911e-51,7.82470010256612e-49,106.429214948307
"Epb41l3",4.90367404353741,18.254897840118,34.932884998513,2.5155557123655e-49,4.14647433254913e-47,102.279163529732
"Map1a",3.32960123146301,18.0449933957699,34.4535770562577,6.91351371078072e-49,9.76780722851734e-47,101.268005354256
"Palm",2.54296266994965,16.2702719759372,31.1034029261838,1.16547626130287e-45,1.44082002803567e-43,93.8286492932404
"Cep170",5.35988954673566,16.0180223961246,38.7385185840157,1.3829516471143e-44,1.51971019888449e-42,91.4775301286329
"Sptan1",1.97057290799722,17.6673239164316,29.7160231105204,3.09614473632831e-44,3.0620871442287e-42,90.540887797001
"Map4",1.96132669648269,19.6640616388711,29.266617170336,9.20914665705006e-44,8.27986003983865e-42,89.447661522043
"Ckap5",3.16270389789805,14.1075811488514,34.2566942393654,2.97090348039714e-43,2.44851961842731e-41,88.4738426897752
"Avil",7.16356938903812,17.0311996978889,29.3406504213675,3.79078275893087e-43,2.8839108835251e-41,88.0760871945078
"Tuba4a",4.28940303196373,19.1771242042269,28.1840532345605,1.34881019217817e-42,9.52838057188719e-41,86.7546794096601
"Sorbs1",1.83479348171333,16.3012158788323,27.7856179700055,3.70103108094069e-42,2.4402131593669e-40,85.7416602945617
"Prph",4.52005654449859,18.5656555498572,27.3273617227949,1.19928979411592e-41,7.41311003987902e-40,84.5615164910139
"Dctn4",2.83657254937566,16.3074543918128,28.8272747399429,3.18106338386226e-41,1.85063040390575e-39,83.6726066394009
"Nefm",4.35628029001338,19.5454254030982,26.4157397709447,1.30527514192012e-40,7.17176175199444e-39,82.1645684000624
"Atp6v1a",2.6057704434106,15.3184768949238,26.2878713020965,7.53932138849053e-40,3.92441518590376e-38,80.4326788618719
"Clasp2",4.54025639869627,15.7558809444069,33.3027467278414,1.95800647273178e-39,9.68234200765867e-38,78.955582221286
"Rtn4",2.92953095872991,17.9205005472827,24.281458342789,4.56313219129357e-38,2.14901797009016e-36,76.280747758797
"Ank3",2.89063981313443,15.1704346318239,24.2062377178479,5.64993627878995e-38,2.53990317260148e-36,76.0660474951194
"Vwa5a",2.91913707678314,17.6612320530953,23.6286375525423,2.96441800050354e-37,1.27469974021652e-35,74.3999953135602
"Strn",1.96172738436115,15.9651663541871,24.6104985852629,9.73096314897231e-37,4.00996773097234e-35,73.2963740776879
"Eps15",2.01655930117081,16.1502846450492,25.5066752918672,1.73385977078835e-36,6.8591492532387e-35,72.7823833857577
"Add1",1.9265949091857,16.0134113231045,22.7890375806984,3.48754814090288e-36,1.32660965821267e-34,71.9218541087459
"Aak1",2.31381368681235,15.9454720462849,22.8358117133446,5.49371876199432e-36,2.01232883541199e-34,71.4793907348539
"Dync1li1",3.10254810699535,15.5940611047908,25.2239597329705,1.48363850220354e-35,5.24042313814036e-34,70.6721795632357
"Dync1li2",2.5355410137631,15.7278440918488,23.4992304399827,1.87357332990708e-35,6.24250815869463e-34,70.3219135813623
"Ppp3ca",3.21571402697851,16.3470193452218,22.2257986068035,1.89358184793568e-35,6.24250815869463e-34,70.2207405144352
"Txn",1.75198337985023,21.5168182127974,22.2807534614477,2.84894888121679e-35,9.08906594684969e-34,69.8243022993757
"Numbl",2.23555886950171,15.7068055567186,23.9470415025763,6.54758647385087e-34,1.96229182504197e-32,66.8973204827858
"Sncg",4.92545328897898,21.2069966561015,21.1036977418979,6.05988416214511e-34,1.87288294886297e-32,66.7353088036748
"Wasl",1.68374049888008,15.2998428181831,23.1808612466366,1.13919234369653e-33,3.21903207975961e-32,66.2726270757233
"Eps15l1",1.45001334383163,16.2239488268713,20.9463322400222,9.9561378945844e-34,2.89606481698352e-32,66.2359358094213
"Araf",1.95171915558772,15.7266318051616,20.7836414073245,1.66807272074713e-33,4.5825664467192e-32,65.7168687394944
"Atp1a1",1.94740930231501,16.326316803046,20.7466450735277,1.87651781583487e-33,5.01588140502889e-32,65.5984327706674
"Dnm1l",2.44454690396139,16.4332558659324,22.620248258603,9.30747749121949e-33,2.42239348389897e-31,64.1915250889726
"Rtn3",4.39871923049882,17.3026486760075,22.9719605712228,1.43391014821063e-32,3.54534284145078e-31,63.9093651935928
"Plaa",1.8833953354257,14.8312195397937,20.8167387600428,1.26172462428091e-32,3.19960423952261e-31,63.7387190587546
"Cd2ap",2.21915156740515,15.2057881746265,24.7560260181188,8.64899321065508e-32,2.08630592325314e-30,62.1300007892127
"Wipi2",2.37512968448114,15.937949774469,21.7203062932182,1.83725480088004e-31,4.32629761445324e-30,61.2473156322542
"Rab3c",2.94894461132334,15.8222743872452,24.9241630167089,6.91663731286175e-31,1.5908265819582e-29,60.2122784777741
"Arl15",2.06869054894042,14.3530210113819,20.7711038915296,7.24091707334181e-31,1.62756067853069e-29,59.7730970828014
"Wnk1",3.4321483751163,14.6394362935625,20.7809598489088,1.25956186014633e-30,2.76823706596604e-29,59.2500489232001
"Anxa6",2.10484619446766,16.2092770680815,18.1821635226256,9.53549894303764e-30,2.05013227275309e-28,57.0139190951855
"Bcas3",2.03164082697946,14.8361987165247,19.7481812181463,1.3285206077628e-29,2.7373060022446e-28,56.8420962728371
"Eif4b",1.19180870750373,17.2706640473095,17.9719494311418,1.98515872363274e-29,4.00677954627098e-28,56.2761952247546
"Fam114a2",2.87193745971404,15.3003539119343,21.3404349517859,8.11516903723193e-29,1.60518043556448e-27,55.3223814167928
"Tppp3",2.62687799271337,19.3676332495361,17.4895896461439,1.08961086674246e-28,2.11299048472214e-27,54.5631323747762
"Scyl2",1.53072238612121,14.6347376939732,18.9407651629563,1.42607221257131e-28,2.71227965044813e-27,54.4507157084955
"Dock7",1.96543460132101,14.8009831362466,19.3687096794391,1.99895436223141e-28,3.7301242721639e-27,54.201245452404
"Ciapin1",2.29717862466365,15.2580075919384,18.7426093365498,4.27903202132125e-28,7.83696790571614e-27,53.3788927542437
"Sptbn1",1.53839317175549,15.4742939691028,16.9623194144539,7.23984788739915e-28,1.30185628375232e-26,52.6578713400112
"Tigar",3.09916513461029,15.8322417465089,18.5954562734253,1.09895356337916e-27,1.9408304896107e-26,52.4929610396843
"Epb41l1",2.28071016996607,15.6408958257403,16.8045417501349,1.28451772251357e-27,2.22875092555425e-26,52.0810407274647
"Septin5",2.4749823545591,15.3313719959338,18.2039541263886,3.51009256657597e-27,5.98531301438558e-26,51.3922267419789
"Esyt1",2.57925850499094,15.0182383989778,18.3642420212666,9.99142355722065e-27,1.67483354204936e-25,50.2720756011874
"Skt",1.31871331778147,14.5228115882408,17.6477919599391,1.17727315225263e-26,1.94053857929642e-25,50.0389616668588
"Pygb",3.95176025575096,16.4001204085727,17.0524283924852,2.04713863399935e-26,3.2655163048796e-25,49.7466697627617
"Crip2",2.01828657116833,18.1276195086667,16.9428966960546,1.92394848925488e-26,3.11931976372636e-25,49.4632744063124
"Scfd1",2.54940945259096,14.3763039032304,19.7314584770473,4.87004443335814e-26,7.40995991475569e-25,49.0049168683164
"Esyt2",1.93692207740823,14.0399305695842,19.2918775938995,4.13853326939858e-26,6.49684032291301e-25,48.9754896713386
"Fkbp15",1.84328544246853,14.5154216891154,18.3428604971592,5.12619922650293e-26,7.68153187122939e-25,48.7265154894565
"Mon2",1.57654451791737,13.6622348181831,17.0672464115857,4.64217713937588e-26,7.1736143606918e-25,48.6207903077841
"Prune1",1.97237572862203,16.3197599324644,16.7734003869058,7.80537145280335e-26,1.15216602489888e-24,48.0819665882536
"Myo1e",2.69660927832648,15.4537947196249,20.6254105036315,1.87327492540739e-25,2.64666985889701e-24,47.8384424469491
"Rint1",1.32120424741721,15.3994353379284,16.7697749472792,1.20759020711577e-25,1.75633340417279e-24,47.6573839185901
"Pebp1",1.56155938809394,17.0244973606034,15.6332151594311,1.40122441645771e-25,2.00842166358938e-24,47.3727508569307
"Nudc",1.78325627580027,15.6058204099642,16.8323627809875,2.35296726528584e-25,3.27758397939113e-24,47.0600953431513
"Tacc2",1.51230202612112,15.0176046664224,18.6797845376771,1.11379701243645e-24,1.48857465581034e-23,45.7943538034764
"Psmc3",1.95895783465136,16.4111523379688,15.5031421958745,9.0035819202959e-25,1.23674201655176e-23,45.5500848370138
"Myh9",1.26742148955812,16.9458264066626,15.0229572040043,1.03511305205742e-24,1.40236549107506e-23,45.3497214505135
"Clint1",1.24079405978366,15.9961228921644,15.9104138663097,2.0298426076261e-24,2.67668578525628e-23,44.8137946028799
"Abr",1.93817028778135,14.8031038385215,16.6949959409787,3.40367979658942e-24,4.3156914343935e-23,44.6661624028959
"Washc2",1.33176887332965,15.2729236118161,15.730646913796,2.52421617715303e-24,3.24214259636928e-23,44.5796334944688
"Cct8",1.22390705345849,17.9848682752648,14.8029587235968,2.43233712999017e-24,3.16523871257931e-23,44.4905368831875
"Dctn2",2.59094679182278,15.7051692784436,15.4007835171811,3.76475400309973e-24,4.71309077096915e-23,44.2590278232484
"Birc6",1.14574545318459,15.2256413443832,15.6276648276673,5.23974152422537e-24,6.47763045932361e-23,43.8582583327961
"FAM120A",2.17195423633034,14.6317900391648,17.1254218125351,1.90477973642658e-23,2.29735019429986e-22,42.7835636126354
"Bag3",2.23315519080291,15.5974594384784,14.8866754515545,1.66685073562087e-23,2.03520416978894e-22,42.6378798028855
"Lasp1",1.22432328424122,15.8106935327711,14.2375176384324,2.24879534686467e-23,2.67958867234838e-22,42.2540947335697
"Usp5",1.83512842233173,15.9178778402178,14.5091282959213,2.56815620842511e-23,3.02369820253861e-22,42.165754199623
"Reps1",1.23289055417743,14.3227772819369,15.0295264857106,4.02581646506731e-23,4.68415586347243e-22,41.8038484077559
"Mpp1",2.12643751267416,14.8738964071658,15.1078143355433,6.3946672592858e-23,7.35386734817867e-22,41.412633631859
"Slc25a5",2.74142765826025,16.5568670355279,13.9387482023162,7.40356472378921e-23,8.41623622049141e-22,41.0561289564528
"Arhgap1",1.66153356975569,15.5629316897005,14.628794450984,8.23284627991926e-23,9.2525965577729e-22,41.0558687212349
"Ptpn12",1.41885463520149,14.4802530877101,16.4601750341242,1.14917812861446e-22,1.2610155236175e-21,41.0114915885852
"Arhgdia",1.92457696524321,15.3907770854637,14.2236105852196,1.02687991521201e-22,1.14110588330863e-21,40.7831843079387
"Glo1",1.27310413043551,16.4895584868233,13.8948896408236,1.16028728664502e-22,1.2610155236175e-21,40.6150865492458
"Lzic",2.58147702980045,16.2855662399561,16.7256700357072,2.57984560473113e-22,2.77333402508596e-21,40.3595706963761
"Nap1l1",2.59122813305045,15.3157858783462,15.1213286186611,2.80794464977958e-22,2.98608307379786e-21,40.0912449429144
"Nefh",2.80417846779819,18.6838004764299,13.5956923952913,2.94883875694823e-22,3.10255481981043e-21,39.6668724546693
"Pcmt1",2.34671452875534,15.984666588283,14.368896513463,4.03424952015475e-22,4.15611747440943e-21,39.5592371272679
"Aars1",2.94415201747483,14.1224690040318,16.3377383214887,7.07983528690716e-22,7.0726839381325e-21,39.4907788456886
"Tln2",1.12799016512997,15.2619368020343,14.3432877809781,4.41619727110588e-22,4.50270010425126e-21,39.3910350789511
"Dpysl2",2.33141907619458,18.505727762245,13.3865433111637,6.89767240143641e-22,6.96101837247001e-21,38.8127769388128
"Drg2",1.83324875607416,14.7142330421144,17.0176611973628,1.93444333134671e-21,1.82206138543037e-20,38.489134216037
"Fermt2",1.09574756415036,15.3444422842206,13.2705082415222,1.10780263448419e-21,1.07413412304399e-20,38.3366289522375
"Usp7",1.25360097469869,14.7011312355385,15.3581064193689,1.62493597360905e-21,1.56025405621296e-20,38.2918578109859
"Kif5b",1.41678963034455,13.9463159187401,13.7075838427837,1.74484591917909e-21,1.65928135968089e-20,37.9687983266853
"Fubp1",2.17670531548969,14.265240341788,14.9333830802754,2.48268035821693e-21,2.2947391348379e-20,37.8270424887216
"Ap3d1",1.95014719718813,14.8289382870592,13.8877915779549,2.23821348509888e-21,2.08829541204037e-20,37.8039766593475
"Git1",1.50884749889437,14.3055057007957,14.0741990833842,3.06088673686404e-21,2.77726328693444e-20,37.5601238415491
"Pdlim5",1.55356420039164,14.2296662848654,13.9413163108053,4.84485085583554e-21,4.35596136038304e-20,37.0196552391687
"Scyl1",1.33113361879551,14.6255485149131,13.554967034654,5.53393130768483e-21,4.93068293991017e-20,36.8318957124418
"Cnn3",2.48466351749804,16.2678232406973,13.1813355034625,5.67714763320527e-21,5.01312411539286e-20,36.7952346078771
"Lpcat1",2.35100029447035,13.9818530533358,13.8350528300032,9.70665841696864e-21,8.42225363366468e-20,36.3813579391049
"Rab11fip5",1.46336601408464,14.4368685005325,13.5652577269829,9.7081588901696e-21,8.42225363366468e-20,36.3139978761205
"Dnm1",1.71352523429654,14.6117851078227,13.8708986208034,2.35831920474394e-20,2.01067042542393e-19,35.7021563464609
"Arpin",1.49486266714697,15.3896902434837,14.8455327141103,2.60596465808106e-20,2.2028196981557e-19,35.637091188048
"Hspe1",1.91324818297326,15.5376392004787,12.686123848546,1.95857926087856e-20,1.68437816435556e-19,35.4701781072937
"Ap3s1",2.11670276225895,15.3280854629875,13.6213224094733,2.7998109998987e-20,2.34662125330493e-19,35.4422066072216
"Rabl6",1.53491738381311,14.6979288513261,13.3028478978693,4.54158180858365e-20,3.77447429301616e-19,34.8439629936081
"Epn2",1.23848532993919,15.0689836083069,12.6034650516011,7.09379784550314e-20,5.84647172433551e-19,34.24088975687
"Anxa11",3.40011114373277,13.721328972361,23.213195500328,2.6618360517427e-19,2.08933004378852e-18,34.0421007937204
"Synm",1.74404904845089,17.5879685682701,12.096674249276,1.46337427192342e-19,1.19609682225807e-18,33.4307282666006
"Mapk3",3.17845960366132,15.0603947448985,13.2635619813138,2.48091547440946e-19,1.97873016467012e-18,33.3484140531013
"Dctn1",1.26299678456749,13.7258400967859,12.7119064237645,2.18316037881196e-19,1.75976869590026e-18,33.1798551014022
"Tpd52",3.50508931317747,15.8262321458112,12.1526089134198,2.18858998580114e-19,1.75976869590026e-18,33.0777609172505
"Arfgap1",1.3037583261647,15.1219172951254,12.8107947761388,2.64066060791447e-19,2.08929067298193e-18,33.0716964725704
"NARS1",1.1291984128347,14.6351592387715,12.4919950987939,4.94286397706476e-19,3.84920667190319e-18,32.35738280509
"Dclk1",2.25484437634652,14.9149909113862,12.8313853124428,1.06467001989109e-18,8.09968192055606e-18,31.9738139242847
"Snx2",1.38745745145539,14.087811870279,13.3601185400888,9.86359735725407e-19,7.56209130722812e-18,31.8945047947481
"Chmp4b",1.47142941550233,16.5555870684301,11.6014970352176,1.20352685161029e-18,9.08616836826393e-18,31.3153702741747
"Ipo7",1.66617873187638,14.6522069129538,12.1956436597046,1.92964353086628e-18,1.44577079698996e-17,31.0256877115985
"Sncb",3.64000813175395,17.7000308516292,11.6436632726502,2.20230595421641e-18,1.63765457798498e-17,30.8277508172585
"Tcp1",1.72882213013908,14.8170280768137,11.4473049572681,2.80619708779508e-18,2.07114098494726e-17,30.4744925398819
"Sec22b",1.32726953906453,15.8704987955472,11.2918159384249,4.55428900649547e-18,3.33643839068446e-17,29.979862630015
"Afdn",1.00295699930766,14.1887433839485,11.7996147291338,6.73518529358426e-18,4.86211551485754e-17,29.7063641786617
"Ahsa1",2.33201020046064,15.5243271548164,11.4256443255764,6.61245205623446e-18,4.8086140320705e-17,29.6508086620481
"Phldb1",1.95951122338098,13.4647604688696,14.5566724508842,1.53008045166672e-17,1.0808925476417e-16,29.5295063067889
"Sh3gl1",1.43076453180793,14.4725728102904,11.2522658930408,7.73780240053123e-18,5.54542505371405e-17,29.4653471508265
"Etfa",2.95504155403451,13.6137657643514,12.2974761744197,1.58528958422138e-17,1.11195134666308e-16,29.4052604502348
"Exoc4",1.55859636047284,14.0620679219533,11.6463833304694,9.65405943839129e-18,6.86896747091294e-17,29.332802328724
"Stmn2",1.59984585511429,15.7109955897913,12.4699475224517,3.14201629580543e-17,2.15795424760526e-16,28.4286294838952
"Hs1bp3",1.29934408666728,14.6836316120389,11.1608087650683,6.41448262439886e-17,4.34515295584279e-16,27.428802204759
"Lypla2",1.62830072826197,17.8960216366204,10.6966533205357,6.03113095871105e-17,4.11364725390705e-16,27.3886312850108
"Rexo2",1.34606891475971,15.6453147147204,11.7012294261472,1.55860670827293e-16,1.04861362889927e-15,26.7116536416795
"Fn1",3.63712948066035,13.2090946319555,16.6206639231361,5.49050694722465e-16,3.61375815116315e-15,26.235685205819
"Cpne3",1.81779201723472,13.9951004081394,11.2346762056915,3.61515679161544e-16,2.41580409926194e-15,25.8478229506122
"Ranbp2",1.59062884284957,14.6480602620369,11.9998377281284,4.9122158907196e-16,3.26052450732999e-15,25.6494546101075
"Septin7",1.25070638160817,15.1083250355168,10.5714486358466,5.51746694464748e-16,3.61375815116315e-15,25.2564553974602
"Ppid",2.22567566807795,15.3796617776945,10.609875695987,2.75946812563066e-15,1.78373462499917e-14,24.1910330340031
"Arfgap2",2.03647640219559,14.6924024618029,11.600021785786,4.28419549503608e-15,2.69877028317878e-14,24.1409330776627
"Srpra",1.32050022259451,14.949537600219,10.5624843528527,3.28458286512578e-15,2.09577577652219e-14,23.5626336104608
"Rheb",1.49627048903718,15.8290462947849,9.81478918973466,2.92309998153682e-15,1.8772375855454e-14,23.5000397001344
"Dync1i2",1.57478950378893,14.9670354597476,10.291708462317,4.14670192292436e-15,2.62890269344371e-14,23.3593236367184
"Aip",1.71162674005634,13.273313620414,11.0112996011787,5.93517075746817e-15,3.66867742446001e-14,23.2661064573753
"Kpna3",1.47898763733578,15.3119759639655,10.1491389194433,6.02960885637076e-15,3.70390258319918e-14,22.9188878077071
"Stip1",1.50678693089185,14.8250630006683,9.64970187650164,8.91113398919306e-15,5.40681688055947e-14,22.4298667344731
"Ppp1ca",1.7394590501089,14.016553782495,10.148056631929,1.52302289393821e-14,9.01957869523883e-14,22.1952922862621
"Snx9",1.34168133177475,14.5937247131293,10.0986414190354,1.25841293252892e-14,7.54285085012787e-14,22.1882711373702
"Cgnl1",1.69536344668259,13.5312390321286,12.7318537652197,2.9915619618028e-14,1.74038516483704e-13,21.9379451809356
"Uqcrc2",3.25299162970872,15.6740933443913,10.0783215742764,3.55198091897592e-14,2.05433282389894e-13,21.8758053193318
"Tpd52l2",1.22371488658932,15.7235269956275,9.30071939553272,2.86931561660814e-14,1.67914387267778e-13,21.2142357432338
"Snap29",1.73189756242523,15.2812059091775,9.87369374767921,6.15567394458707e-14,3.45906905181625e-13,21.1020660964473
"Tbc1d8",1.51720434852376,13.6777827476571,10.1181245191049,4.65381772760323e-14,2.66047730208069e-13,20.9586259837288
"Pdcd6ip",1.16533891809058,13.7843714970036,9.99269002110121,4.84009969543505e-14,2.75106816022142e-13,20.8929056262081
"TurboID",1.95223893460135,17.6998832543409,9.32292233924583,6.07802437239658e-14,3.43495205960012e-13,20.5141380387583
"Atp5f1a",1.65099351227923,16.4450365699366,9.0707323319172,7.99874983339583e-14,4.4693579577562e-13,20.1890076504631
"Gmds",1.1537744371663,15.1538780007566,9.32153600426401,9.0855110539913e-14,5.01987174994268e-13,20.1360314395223
"Tbcb",1.4003640228602,15.1752882414613,9.48280878228633,1.33827879490471e-13,7.31247363624726e-13,20.0581610119378
"Park7",1.2163889817285,14.7419100450102,9.29393829631082,1.16646665077242e-13,6.40908620896624e-13,19.9801464489567
"Nudt5",1.42191346998447,15.0696394022212,9.24548125448021,2.16008147442194e-13,1.16738829410016e-12,19.3556622806042
"Map7",1.20818922785409,15.4265444297192,9.07970079744863,2.81128171510578e-13,1.50289600877817e-12,19.0127591763143
"Ldha",1.03769111691521,14.330698608856,8.84856179899017,2.6450285744039e-13,1.4217028587421e-12,19.0065764299326
"Sf3b3",1.17370280249612,13.6436105496855,9.69270014833078,3.81625849667843e-13,2.00759556022073e-12,18.9326058140124
"Ppp1r2",1.52558221285428,16.5464108864357,8.75654731052119,4.39446584970505e-13,2.29953794992502e-12,18.529950817845
"Pdxdc1",1.09802975715174,14.7441567457173,8.92657019699616,5.28056420451855e-13,2.7059471493621e-12,18.3813533936885
"Uba1",1.24827148748207,14.5255276949265,8.86085548838872,6.13325817329498e-13,3.11066273507115e-12,18.247479693897
"Nap1l4",1.47809128067053,15.1897776488833,9.01617336258202,8.20706083369475e-13,4.09938543662834e-12,18.1210141614705
"Hk1",1.28588326372071,14.7231745517085,8.7053404608603,7.51654324017735e-13,3.77353363682e-12,17.9898112936903
"Lcp1",2.82092563413474,15.1211849469436,8.85436692484614,1.77444070941519e-12,8.56059444688598e-12,17.569913477358
"Tubb5",1.32887512285652,14.2071312855864,8.50579988972609,1.19890004114727e-12,5.8990653765903e-12,17.4966234910027
"Capzb",1.27909153890416,15.1719811318586,8.46631388161206,1.30146127810663e-12,6.34061676870669e-12,17.4084869844641
"Ehd1",1.25619223457045,14.0728327867173,8.54678364650453,1.34144712682948e-12,6.503388276639e-12,17.4039098985414
"Psmd14",2.04035535490545,13.7268236949302,8.79349042669682,2.58230802381541e-12,1.22196298351839e-11,16.9914726164879
"Eif4g2",1.20391266468489,14.8389295639132,8.5622204278902,2.12638279547222e-12,1.01593844672562e-11,16.9792332004388
"Ctnnd1",1.33675006430866,14.5807862919976,8.69479701843476,2.53660574577361e-12,1.20610725123562e-11,16.8525871652425
"Camsap3",2.22564142062639,14.7214681072158,9.1923162467311,8.68037999353502e-12,3.90222536982097e-11,16.5358135675743
"Idh1",1.18528469323339,14.6956770419498,8.22198896576943,3.53888946651062e-12,1.65092532187689e-11,16.4043357031332
"Plec",1.43750171590407,15.314386629271,8.15548034609971,4.76141005483308e-12,2.19024862522321e-11,16.1083853561659
"Ablim1",1.26091364150231,15.0201380813946,8.42592745886457,5.2092377782255e-12,2.37416413026038e-11,16.106377674891
"Sars1",1.39450615075298,16.107674053308,8.3385446861932,5.40599856367054e-12,2.4525378804909e-11,16.0704671745315
"Cox5b",1.22027383048432,15.1447192926413,8.41343544829478,8.73694687220396e-12,3.90988255955191e-11,15.7647499407401
"Tcof1",1.5012386415681,14.5109288073838,9.78201498502084,1.16765563351855e-11,5.13249520688821e-11,15.7015668680793
"Cr1l",1.109827903292,14.3156554625881,8.21452777494348,9.07308117669492e-12,4.04201679448256e-11,15.528649619744
"Fhl1",1.01754743920807,15.5662391113799,7.88634115278545,1.57974662704354e-11,6.91313900064627e-11,14.9128955459414
"Tpr",1.00097971378661,13.9209029194715,9.34971404198931,3.78405381847732e-11,1.63424857051269e-10,14.5081854600452
"Ewsr1",1.7591080515158,14.4641871134805,9.5577844257007,7.11350675927571e-11,3.04556631381977e-10,14.0972666145015
"Usp14",2.28276573820997,14.993839043388,7.62185392174375,1.8199187908233e-10,7.62669357679766e-10,12.926102430839
"Trappc12",1.71192300660168,14.0492707539332,7.74534912043208,2.91151923076531e-10,1.19481017395307e-09,12.922761257671
"Luzp1",1.04652246679036,14.2470897449021,7.57348981057594,2.20768843008727e-10,9.17396578721139e-10,12.5686272125686
"Cul4b",1.89367180069718,13.6909417221293,8.01909477006,3.88194625327575e-10,1.57993614999577e-09,12.551427032004
"Efl1",1.05532010328785,14.0505729783143,7.82173013423575,2.48459242528591e-10,1.02385912858657e-09,12.4864193023571
"Tcerg1",1.17461879399058,14.4160133876372,8.92798012071955,3.51553402743226e-10,1.43672031121095e-09,12.4726174146307
"Pfkp",1.44774680493908,14.2320860382519,7.41568896168145,4.94754215317171e-10,1.99719150591299e-09,11.7787696550511
"Dusp3",1.33713719910856,14.3670958466737,7.34936424615912,8.4460263460319e-10,3.30162848072156e-09,11.1655977881406
"Znf185",1.50854794236552,13.5317162749531,10.3540301838051,1.90507557014743e-09,7.24533070240569e-09,11.1207694206262
"Acly",1.4256717238928,13.8671560647633,7.20819744392014,9.48806738144577e-10,3.69436954340546e-09,11.1149022760531
"Dync1h1",1.38030940604195,14.1617570702955,7.05222378831742,7.92638631923947e-10,3.12318568515053e-09,11.0622966523613
"Tmem263",1.27573029671844,13.8957408883016,7.18139396625731,1.24221790565499e-09,4.7990371433312e-09,10.8071777234402
"Rpl5",1.7350891397495,13.6863085341039,7.63760269228607,1.59056211364487e-09,6.09715476897202e-09,10.7864963271348
"Eif5",1.03494729279587,15.0981933832224,7.05268992344233,1.63605530461089e-09,6.24733087359141e-09,10.4691070306027
"Rala",1.38632538631132,13.9410522453772,7.14963444784842,1.98570501533996e-09,7.49565748156953e-09,10.3533912496604
"Cstf2",1.10890301000098,13.5454086912553,7.30066483814471,2.91802024444652e-09,1.08493309088632e-08,10.2360113411953
"Tgm2",1.58599531582668,12.7181280799954,7.04488509006708,2.12288928692196e-09,7.98303233751261e-09,10.1955538925362
"Scel",1.21563394891207,15.1526950716688,9.90691814863457,6.62090091645577e-09,2.38980693663312e-08,9.91839271581403
"Lmnb2",1.53674992954352,15.0554166421302,8.49700437334071,1.12495310660736e-08,3.87658056597449e-08,9.79910773058614
"Supt16h",1.51224800589685,12.6378044488945,8.44457828370663,9.0800131366919e-09,3.18444432347103e-08,9.75006246432328
"Wrnip1",1.48357598158059,13.8513509724772,7.27997085532313,6.79719821868066e-09,2.44451965028188e-08,9.42547623928438
"Ecm1",1.42695812614719,15.3695109213718,9.12972720099675,9.93312855712621e-09,3.44696987473608e-08,9.3315735729994
"Mindy1",1.48926063861323,14.7382809863909,6.97772966622258,8.082563701775e-09,2.84471726016209e-08,9.26354057861644
"Gapvd1",1.29658379162304,14.014482067269,6.81780912524384,7.59273378551003e-09,2.69199082570662e-08,9.1656999345864
"Ruvbl1",5.66079609996974,15.0056863498955,6.63552525910499,1.29950761438517e-08,4.44710391220394e-08,9.13117590443544
"Necap2",1.13082887370805,13.6323441459827,6.85966420977774,9.19755210138509e-09,3.20295036206685e-08,8.83406450930257
"Rab15",1.81420796540084,16.010706345344,7.86409416670656,3.34870092819746e-08,1.08942934802213e-07,8.67225064269558
"Actb",1.13247848749052,16.1879806216907,6.44746133084715,9.11984499369368e-09,3.18711190769012e-08,8.60153058077793
"Mal2",1.3804511143005,13.2966183787154,6.78557876713943,1.31791902450027e-08,4.49455832838196e-08,8.58862631664512
"Tns2",1.02928752362307,13.0519177347487,7.88120022695247,1.86647176826737e-08,6.25742569090315e-08,8.44389255470621
"Dpysl3",1.0323434985784,15.9720648319164,6.38615233580882,1.13713792202821e-08,3.90496321140937e-08,8.37922456403238
"Glod4",1.10942655520639,14.3119255646533,6.41586161415207,1.36737494741798e-08,4.63128021574102e-08,8.3160790120681
"Calml3",1.76735027832558,14.4116482162587,7.5363638986867,2.18073311894174e-08,7.23739951219255e-08,8.20227993476453
"Blmh",1.3594020260724,13.2366846985203,6.50388750598136,1.46473857135558e-08,4.94411756679407e-08,8.20071937328535
"Anp32a",1.74728434632607,14.36938948881,7.82570475413807,3.65632388925326e-08,1.18173344002336e-07,8.07446422712759
"Cndp2",1.46689189840832,14.3970450626659,6.65698823396622,5.75222003035867e-08,1.81755450799512e-07,7.80028420494169
"Pccb",1.17619782205095,14.1380923394875,6.33184702434396,2.60167851794377e-08,8.57686684748797e-08,7.61951541037675
"Cct5",1.22911524905024,13.7445241967332,6.30779791203497,3.56183243193563e-08,1.15496795907683e-07,7.46322706081056
"Katnal2",1.24893260760743,14.2485798541916,6.47222548344659,4.06806746116738e-08,1.31052727006337e-07,7.42417320840244
"Ckb",1.09919212468505,15.6378104664608,6.18916863216215,4.17798673889596e-08,1.34156781972991e-07,7.39825662435528
"Csde1",1.16434687070877,14.763826495224,6.24679500901022,4.77969633391735e-08,1.52487731427234e-07,7.30300630053661
"Ndrg3",1.15218455569047,13.9016845846822,6.20422385867162,5.33309994090726e-08,1.69052430819143e-07,7.18854796090234
"Mks1",2.05925337848286,14.0720487692558,7.06516816150782,1.39515948523089e-07,4.28513270463773e-07,7.1453810578029
"Rcc2",1.27202705271927,12.1712819506547,6.57807034193784,7.41567651038515e-08,2.32091900910472e-07,6.99296507383001
"Larp1",1.35856499472564,15.2352925845059,6.1941116532049,7.4029265530104e-08,2.32091900910472e-07,6.99282232684708
"Flg",1.34079766631788,18.6813547439764,7.7397401749835,1.4646024333855e-07,4.47065372413043e-07,6.55569170171388
"Clic1",1.26899542035762,15.2276642735641,5.94838037264399,7.53571109712575e-08,2.34365354561552e-07,6.51524137479418
"Map7d1",1.8171321684266,15.0080607241554,5.54795434404043,6.92997186970351e-07,1.94708584634567e-06,5.18071098122089
"Rps12",3.42245216577441,14.1641214769487,5.87860713799143,8.47243091529264e-07,2.35371746495068e-06,5.14883324096867
"C3",2.34998694837529,12.0258136297938,5.77539818399382,5.56793874001777e-07,1.59614243880509e-06,5.13674081386762
"Jund",1.64070737208477,13.2786062557349,7.44774318139481,1.0082947824011e-06,2.76233667533156e-06,4.87865578655979
"Rab23",1.22329943364361,13.1154517300653,5.49681266737911,9.10990882482947e-07,2.51667592954088e-06,4.65011622706799
"Actr2",1.0406582264009,14.1519745345481,5.51978735535269,5.77232768300101e-07,1.6499514677711e-06,4.56876183517099
"Lum",1.261942684076,14.9135042266239,5.57986200188047,7.30695876248207e-07,2.04140740567649e-06,4.36898841740063
"Stat6",1.02428662635021,13.6873505997183,5.58222655100783,9.25889872927445e-07,2.55071054129594e-06,4.29986250652627
"Tom1",1.21020983439847,14.0371349287311,5.57938570591378,1.61312466041541e-06,4.38291288228252e-06,4.05398400897264
"Ranbp9",1.25381662467566,14.1088671758973,5.27622163157516,3.48781450348921e-06,9.19852945053554e-06,3.68147696283524
"Smurf1",1.8859681039321,14.1299823186333,5.6168008553143,3.35329122012184e-06,8.87855066760473e-06,3.38155192901356
"Brd4",2.02029208446386,13.3026374062274,5.82129291836949,5.42800154770297e-06,1.40531244258593e-05,3.3276372729968
"Luc7l",1.33582663868211,13.6958789577392,6.23468083266955,9.44550638139877e-06,2.34713713849331e-05,2.98750070473026
"Fga",1.23639252372408,13.3125584596319,5.2307856665157,3.35751056590917e-06,8.87855066760473e-06,2.90031679943387
"Utp14a",1.06735517914271,13.9861315653438,5.6890641722584,5.62916596075945e-06,1.44980342062268e-05,2.72731696441987
"Calm1",2.25399879999032,16.9493222646462,4.88911649526556,6.37098198980502e-06,1.6197689429093e-05,2.7107240550791
"Aqp1",1.41300471773615,16.3726968492165,5.07952081475653,1.11405595238838e-05,2.72723103196065e-05,2.62181536638239
"Glud1",1.02486903989949,14.3256890219278,5.03422538102686,4.41881491905368e-06,1.15308917016994e-05,2.59409046308056
"H1-2",1.42676378655186,17.0839577465398,4.96988795381397,4.20913396651637e-06,1.10419986548666e-05,2.57544182579025
"Eif4g3",1.15038417252504,14.5348174807558,4.95875048183486,6.75847987322737e-06,1.70949785028692e-05,2.53604267510909
"Cltc",1.00693657484373,14.2395848710692,4.90701980802079,5.58375052117025e-06,1.44186142700715e-05,2.30536006003404
"Cdc37",1.05445238659708,14.6469189600363,4.78618090915962,1.36625204949957e-05,3.27172706284521e-05,2.29192312206214
"Mdh2",1.00476111902834,15.0575506535356,4.8595097577705,5.97739345241251e-06,1.52361910423608e-05,2.22257541469573
"Postn",1.24273069491953,12.6204209046043,5.13063974335641,1.63314743829281e-05,3.87334008746185e-05,1.61931454741972
"Tbc1d8b",1.05741267668534,12.8068526920869,4.81778186020186,1.69402809199576e-05,3.99855318134559e-05,1.37062100195696
"Reep5",1.76095842058147,16.2022709204841,4.47671676874159,3.61540420826316e-05,8.15757514906426e-05,1.32940600168457
"Ola1",1.17810238011118,13.8653361787334,4.55411427697071,2.82719561967941e-05,6.5133811585004e-05,1.04525453721146
"Vdac1",1.05559651192128,13.8556623034588,4.41928317522759,3.72037166463908e-05,8.36238085529102e-05,0.60927492897423
"Plscr3",1.0637126390477,14.8419288889964,4.33773018544528,7.82694541325848e-05,0.000169903636819904,0.0975590212246233
"Atp2a1",1.12974312318962,12.8088900633438,4.87318046846631,0.000146633037832261,0.000306596351831091,-0.0129466069335722
"Cysrt1",1.13885668681457,14.448517444529,4.80617284375465,0.000144731626550705,0.000303905687173348,-0.306375607483739
"Caprin1",1.56201635551303,14.4620601586321,4.23162999745987,0.000167043320507179,0.000346343488431026,-0.368686745991608
"Arap1",1.39988060526987,14.0058506674583,3.91452902384038,0.0002984195567421,0.000592644461080195,-0.659980888074049
"Chmp3",1.67289862701475,15.8593881606178,3.88129695732622,0.000362142036256332,0.000710631892574429,-0.687349219312431
"Rps23",1.13638911803334,12.2974296881726,4.1075723833528,0.000229812649821611,0.000462901651066341,-0.689219821533689
"Phb2",1.08135437002902,13.8468708280451,3.98798428103398,0.000176385609697029,0.000363427849979921,-0.753806387423386
"Acaa2",1.14618146666049,13.412568853089,3.98685726728808,0.000262936150799637,0.000524281961977503,-1.2044501474991
"Paics",1.00602434130128,14.1077662367761,3.72890159691557,0.000457214381954508,0.000883173874517594,-1.28927538131014
"Pa2g4",1.0698105302752,14.4854197694825,4.03856631538868,0.000345894348427747,0.000681453208356658,-1.40445183886824
"Nolc1",1.01655512412143,13.2647045499685,4.05442797886081,0.00075540819674063,0.00142033974634312,-1.52412559613
"Fbln5",1.24021197012036,13.6822936863236,3.52328100546355,0.000977963132072261,0.00182147935521557,-2.51410819407031
"Hspg2",1.36371247567864,13.8355196468846,3.34165194399616,0.00137589510168974,0.00248313915250211,-2.9819002144553
"Fbn1",1.5467611388029,17.0117581131185,3.29453280035112,0.00161111497626377,0.00288939989217059,-3.12694190977726
"Dsc1",1.04195785788232,15.1740815721372,3.35403986900999,0.00193146307400301,0.00341110175033746,-3.20325140707449
"Vps37a",1.52700177558114,14.571186224917,2.98463104683109,0.00435604883066894,0.00716948291943635,-3.21101529846039
"Eln",1.72810311198572,13.3656841296939,3.17622382612614,0.00301372979959555,0.00517461592326389,-3.5823785784967
"Col6a2",1.14211050086361,12.9573503999593,2.94368193937495,0.00591338268066289,0.00958743519864852,-4.16282418577007
"Ak2",1.11354969132388,13.2642164735133,2.77467915662039,0.00959194920876219,0.0150339742749062,-4.25940723439145
"Col4a1",1.64209118798911,14.5715066170284,2.76894092120244,0.00765713189769076,0.0121750859273572,-4.41257886786254
"S100a16",1.01927769368485,15.5317098455853,2.66799871844064,0.0115003745449489,0.0177563824706044,-4.88468963540127
"Col4a2",1.39665597395707,15.2440079196777,2.33357139418603,0.0223057633816928,0.0324895434234082,-5.49646723080886
