"","Ox_m_TC1_Slot2-5_1_3807","Ox_m_TC2_Slot2-6_1_3798","Ox_m_TC3_Slot2-7_1_3804","Ox_f_TC_Slot2-8_1_3796"
"Mecp2",41552.2575984631,41679.2235900188,48007.4880749731,NA
"Pag1",5058.41999997307,NA,3434.74999998171,3443.42999998167
"Prkra",5769.84,NA,6795.42,7724.14
"Aak1",7167.24194227953,7104.412761615,10228.2488963378,9287.55188414525
"Tagln",27189.907711873,33293.0864701205,30876.2831515712,35936.3514606019
"Acaca",327911.68522437,343383.542245955,332767.039286898,291724.275948734
"Xab2",26278.5923843736,25968.0175996025,25854.6305714249,22919.8901843522
"Map4",387284.659566956,371422.808563144,389796.50980503,357302.44548882
"Fus",40225.7446254449,37763.8425707648,37833.1762777738,43917.5814199442
"Synm",23225.7088031431,25649.7971589545,24828.1736685321,24957.9159557805
"TurboID",69739.2204754461,67329.4261632551,61102.8029829665,84427.3274961497
"Rpl32",51988.5507184013,36191.8354498592,24540.5010310063,25271.6821982363
"Ncam1",140724.140159078,150771.4190674,127326.546191692,148126.688035756
"Etfa",14038.6735463864,14879.8261222354,17159.4415923713,15578.447499332
"Hspd1",11937.6811998773,12360.3298219738,9549.3772697982,11811.5931085632
"Atp1a2",10489.1498582894,12994.8592751269,9968.14332798234,13269.6597833802
"Eno1;Eno3",10199.4379342654,28077.6870093535,12548.0599569457,NA
"Ncl",17175.132480629,20986.1142216631,14190.8885362665,18217.3554850597
"Pc",2964351.87063518,2974681.10341998,2875721.90163724,2725530.10433277
"Ktn1",NA,6197.54,NA,5553.46
"Vamp2;Vamp3",18945.4,9940.82000000001,14206.8,9717.63
"Map6",19275.6898547324,21374.6747592014,21434.0823115003,21193.0578979228
"Flnb",10106.6253656576,8645.30964200968,7719.71913281827,8056.82264569137
"Hsp90aa1;Hsp90ab1",15209.6,19578.9,17068.3,NA
"Efhd2",14496.7657358798,14315.0941782286,13245.7868689418,16166.6406729895
"Prph",46584.5370498371,50800.2380347761,47330.3128923789,55043.9757609534
"Cmtr1",8885.9172012329,8328.61418111579,11845.7373360031,4676.36869704963
"Upf1",15463.4368204756,18203.2287214122,16488.0595770654,16362.8416905913
"Sptan1",59700.1128558972,57130.8434612545,57313.3257921118,53412.6920352682
"Gbp2",17952.9381204002,19576.4077750506,16291.7123479611,17645.5175632073
"Prx",396591.632021345,383339.22014366,384439.818303739,347091.860488893
"Krt71;Krt76",53314.7,58359.5,3613.43,4084.1
"Tufm",15358.8653825254,12404.9037041283,10842.2619652825,NA
"Marcks",5169.70805348249,6943.95241463052,8726.08664163434,11733.5141507647
"Anxa2",59416.1001175353,55852.79472216,48975.9821759858,48665.1638810967
"Hp1bp3",77370.9810175143,74398.411546218,87197.774692183,74742.3114014876
"Epb41l3",10150.128477555,10183.9190357526,9808.46137228975,9130.90204529617
"Map1b",37494.6269168846,40809.5872442993,42957.5768055653,48815.2580510316
"Fundc2",NA,NA,15670.2,NA
"Arhgdia",10956.6785449814,14685.4929485442,13845.8095106229,15753.1914777796
"Zcchc17",7428.29680368808,8407.14136997297,6100.06253290013,8642.43711169371
"Palm",7126.39522444739,10299.3561435166,5971.54004798775,8304.34782400667
"Junb",21563.4407890761,23768.7739777667,20426.7826281811,18527.5731017321
"Akap12",29742.0734917719,29495.4679075488,28727.07068641,29020.450357383
"Krt10",559565.312055683,314302.877922733,144790.447698996,68424.9362944747
"Tardbp",37058.9216897749,34050.1730214182,33771.5585290091,33580.7707540418
"Pcbp1;Pcbp2",5573.15,NA,6270.38000000001,7146.02
"Pccb",35984.5429585625,30849.5494245836,36413.9333822873,34454.244245397
"Vwa5a",41493.2314608481,46251.6590281248,41191.3814739757,41376.4029337888
"Hnrnpm",32894.6712838419,29898.0994782954,30174.2109568849,33068.201772984
"Mbd2",6767.23,9221.09999999999,NA,6004.89
"Amph",5380.67,4283.38,4051.18,4644.1
"Pcnp",14400.0870741953,13923.6002531397,16048.3200772177,11338.9955196587
"Tln2",20674.9000427772,22757.1249418226,19947.8142875437,16119.962393933
"Camk2d",10063.6,NA,6269.21,10104.3
"Cdc42ep4",2061.79999998943,3883.97377539914,6066.86973429343,NA
"Etfb",14366.8445367222,13572.0514731479,13858.5206887603,16152.5827604395
"Tns3",13905.9677313999,11878.8802701656,12455.1998566222,11443.6081998683
"Pcca",2139498.53834785,2091823.5316684,2214053.21488954,1845102.22281901
"Sorbs1",52497.924069123,47424.6393250046,47434.1949375655,43790.1963274161
"Actb;Actg1",66603.806430559,92960.2468677939,61554.2273658877,81036.3399779416
"H2ac11;H2ac12;H2ac13;H2ac15;H2ac20;H2ac4;H2ac6;H2ac7;H2ac8;H2aj;H2aw;H2az1;H2az2;Hist1h2af;Hist1h2an;Hist1h2ao;Hist1h2ap;Hist2h2aa1",42130.6,75279.5,41961.7,NA
"Agfg1",33936.5740342896,41961.5043318506,45079.0623579371,43597.5296195302
"Cnn3",128300.053389855,135929.042453098,110629.295837751,148293.152774522
"Phgdh",8449.32469360706,11699.2817279943,10333.0310929248,10375.0639385
"Macroh2a1",12646.2881946543,16945.9493280509,14343.4072496405,11939.8958158872
"Atp5f1b",22287.1041938955,22079.2106609311,22228.1395237444,28446.3717072274
"Cct8",62967.344841656,62891.3226032691,61768.7700364428,73505.5013667936
"Stmn1",5263.76647440249,7422.0749321299,7441.66146650308,7224.43514927972
"Pdha1",71959.3571469449,75991.1281711612,74843.2584895746,69316.0616356539
"Copz1",15531.5,21499.8,18191.2,NA
"Tubb5",30500.0066593132,36210.2667068731,31198.5341808049,40770.1803447888
"Ctnna1",8871.26396916251,8940.65097946883,4784.98097588839,8081.61839364298
"Rpl24",5696.5,13088.9,5703.86,10883.6
"Pcbp2",6171.63811523158,9181.10538052131,8136.97370521351,6860.44850832667
"Pcbp1",24653.7585656962,26106.2999196014,28011.719341927,24445.3516622008
"Dpysl3",6703.52999996315,NA,5325.27765221033,7179.41263459021
"Fhl1",20056.6741529113,19785.5706942345,19358.1557926997,NA
"Rpsa",5813.06308361697,8971.56073896056,6761.0759752277,7027.68310801131
"H1-2;H1-4",771414.156867933,1684159.93501324,890044.663040766,655126.727210972
"H1-5",20207.7908773935,52341.6468851973,18615.2638220962,34299.544691583
"Scrib",3424.22163423347,3367.38263587372,3526.32411306438,NA
"Rheb",13853.0119984714,12152.7489205029,13032.6746013185,18844.1266220356
"Map1a",27101.9427578778,27191.8211101804,27183.2786828633,31137.8069939581
"Tsc22d4",14096.2123991266,11204.9799519229,14682.1482728534,NA
"Stim1",20986.4576538045,18607.4706726121,20108.8951921822,15490.919799456
"Myh9",39194.2987474006,41253.2708667389,38190.5837559833,40919.1884921541
"Krt42",120578.370953511,183938.551745591,39347.8125996564,NA
"Tppp3",76522.6265719107,84613.5025238375,70309.5825659321,NA
"Acacb",28337.998414396,25065.3268621726,30061.5225995533,26288.8349996078
"Myo6",484606.847550784,489399.773332304,470519.025482842,378045.664591949
"Jup",21532.8983894631,25801.7548527991,11340.7583999418,6257.60586967003
"Pgam1",5943.84219077959,12274.7929251497,8989.91873600933,14017.2894088237
"Plec",8642.78129774838,8863.36715641807,7229.87200160657,6108.01818640234
"Hsd17b11",11133.7592864804,8936.33159114592,12034.0610131762,12476.8020374827
"Kank2",15679.2017596411,14617.8212123476,15343.8842229979,12083.3696070613
"Tubb4b",20545.5436579741,17739.0283239875,14924.043520151,19524.6052286495
"Rpl14",16741.6877122473,16623.7756587093,18175.399999888,NA
"Dvl2",2449.26,NA,NA,3075.64
"Cav1",16195.8,20852.6,20763.3,NA
"H2bc12;H2bc14;H2bc3;H2bc4;H2bc7;H2bc9;Hist1h2bp;Hist2h2bb",285419.452399362,267058.506316712,276396.370301502,368614.105116611
"Zdhhc3",10360.7,5795.98,9703.32,17453.1
"Tmod2",9868.83999999999,7763.95,8411.51,5594.71
"Pkm",9364.41614852976,16011.6563109507,7881.86612775922,21425.3252568071
"Ddx5",13686.3233912673,16160.3199037112,14990.6772159366,16518.160923929
"Idh3a",15099.1725083158,16257.8084228888,18862.3996846238,17724.1331052592
"Hmgcs2",51677.726009583,50236.1380914605,54766.9284129102,57070.5218420578
"Rtn1",29313.6666496388,28147.9349844663,27095.1010706228,32757.0899480767
"Llgl1",4022.83,NA,7584.49000000001,NA
"Rpl29",25332.3,25665.6,27532.6,NA
"Acadl",18857.4852802271,28670.3739731619,22162.2193037207,22324.9562354732
"Cog1",4660.89744953727,5916.55450075827,5362.97479475392,5013.92341246133
"Hspa9",45750.9916698845,44959.7605657307,45762.9148057672,50827.6148770486
"Eps15",9099.32081655199,8406.16164746579,7249.42623780668,7529.76991204262
"Sorbs2",9578.89555358207,8904.12921524764,9600.63322391785,7244.30064762607
"Vcl",17848.3272827478,18922.6052491625,18826.945602212,17005.2729313994
"Sptbn1",9025.89526054742,8811.92195005573,9934.48433242483,9893.40198276144
"Mapt",34124.3394183289,37633.1605585632,41022.8329639304,42337.6268632644
"Krt76",1185503.5669562,1340709.99998513,390212.999995671,350610.999895991
"Krt6a",233024.650459062,322907.896294962,82924.6373232205,94365.1083025616
"Tpd52",7310.72455068711,8739.93818708077,4262.64843108987,NA
"Septin2",9021.29441408063,9078.6953367883,9948.56820160251,5777.11367847991
"Krt16",17978.3282267077,41571.6147944104,11727.5653147507,NA
"Crip2",81425.1249372359,84588.8804472844,90966.0999993468,NA
"Rbm14",14725.6242477508,12397.6596232497,14515.810730496,18764.49367842
"Prdx1",123439.743908312,106395.30552821,115972.374620144,140705.90005936
"Idh1",7675.79693222472,8502.01108236333,7216.88999994596,6299.13111269825
"Qars1",12709.6503373162,11290.7069630314,6767.66728542608,13219.9335583669
"Epb41l2",27759.2499433433,35066.2968209401,32753.546918526,29224.986119769
"Dlgap1",6109.49040957773,6257.09871323913,6937.26188460213,7287.39181562047
"Dctn4",20440.824138312,19391.6716186396,19169.1023561834,18661.2574509168
"Nucks1",8830.45,6700.84,8534.88,5679.96
"Cth",57666.1,50468.5,48675.6,31629.5
"Tln1",10913.6688625429,10193.7327445307,12196.1890434651,10604.1439739082
"Nefh",15068.4226048648,18174.63467436,15848.7145611881,18509.0856461161
"Tuba4a",147504.640831703,160946.085897028,142111.836499096,177671.490480614
"Rpl6",NA,NA,NA,5462.32
"Atp5f1a",31455.9050574385,32270.703424395,34079.6212748932,37508.9255109052
"Nefm",31590.6343275836,31136.8541616328,32063.2569463657,37508.973211933
"Tjp1",10805.8301030973,12862.0587374836,12326.3546755289,10948.3078700752
"Tkt",14467.2283064408,12547.5065712373,12681.0278311365,12524.8294022529
"Avil",15531.9499246965,11694.7712388549,15310.3680828957,16900.5693675511
"Tuba1a;Tuba1c",331572.456081191,257620.552132311,270770.873756295,309218.16103543
"Acad8",6266.21000000001,3797.25,4171.71,NA
"Cfl1",16155.4466218668,16778.176517613,14938.5887050941,19129.5776323169
"Shtn1",13928.2283724112,11182.587966645,13890.1518498494,13527.7123589899
"Arl15",4331.25194649971,6730.92360639042,4434.70335216359,NA
"Commd10",NA,NA,2022.53,NA
"Pdxdc1",7275.07,2706.59,4538.31,NA
"Sucla2",9107.88239882922,9994.89734307917,8767.95740623296,10350.1479809761
"Ywhaq",NA,8678.87700681385,6380.98986910194,9494.71398810011
"Pcbp3",7537.19679300306,5486.51855900756,5371.4211582536,5902.94335428868
"Nono",23667.7361047506,27708.1999997567,29057.5999997449,32641.3766964119
"Atp6v1b2",NA,NA,4135.98,NA
"Hnrnpu",16535.37951974,15864.8397967765,12720.7652608513,15427.886703094
"Ilf3",6357.2915923708,8907.87357399932,6610.76903459071,8813.54907747255
"Eef2",4570.18999996525,6250.80214158989,3407.57462175109,10568.6050259212
"Idh2",NA,6567.32112264944,5090.79365084717,4518.00305711788
"Glud1",7761.47380122088,8581.24175099153,7432.39907587885,NA
"Sorbs1;Sorbs2",14535.5,16121.3,8191.54,NA
"Krt17",84265.131212687,108979.986553922,38729.0192418369,NA
"Coro1c;Coro6",6235.28,13043,7378.31,9306.4
"Mon2",10329.8297731253,7434.48157743362,4920.27772261255,7049.01397603595
"Glul",19742.0919788855,23691.4521847507,20687.3084577549,20447.498700946
"S100a11",NA,5072.3,3647.95,NA
"Anxa6",15448.9151065663,16548.0985586049,18527.0272918123,19136.4360993283
"Txn",1301887.56819494,1511157.65692538,1316246.45068513,NA
"Sprr2b;Sprr2d;Sprr2g;Sprr2h;Sprr2k",11426.7,9916.2,5667.66,4483.94
"Csrp1",17165.0999998922,19144.9999998798,18273.4999998852,NA
"Prune1",7787.01658646944,4880.45963987654,9236.87665848279,5674.14955383602
"Klc1",NA,3105.83,5352.05,4624.22
"Rtn4",18800.8259943401,19253.4879404312,21462.1274873053,22471.827562962
"Arvcf",NA,NA,17652.1,NA
"Hspa8",16198.793167822,15981.6444106962,13434.015763764,17738.5967137254
"Mpz",40120.1852811861,41236.8781160133,38901.043473966,27230.4038184228
"Elavl4",8390.33019489424,9317.97841449891,8531.84145840854,7452.16123469282
"Eno1",4921.72015621522,8441.06185961594,4144.12001987264,NA
"Arf1;Arf3",8680.42087662287,9170.5767332916,5933.64536145158,11784.5254687285
"H4c1",110443.921050461,150634.152021954,110456.149942109,146867.90543664
"Slc12a2",15011.1454401093,19115.749727351,16264.2086064418,14285.9986037484
"Epn2",6014.3981473416,5885.1591592745,5987.52103802928,4941.26523253775
"Tagln2",82547.7504669576,94162.3533891268,95781.1005320805,77680.3304638871
"Niban1",31572.5078988422,33237.2408593086,32737.1357752099,33279.2446494856
"Slc25a4",18213.391613207,19885.2828218304,19380.6103600453,24962.4992427796
"Npm1",4755.68167134845,8234.4333819131,6582.62816711909,12780.0187064791
"Hadhb",22295.3711924811,22193.1289450707,24572.2840228433,21911.4571963497
"Slc25a5",4862.11,9090.51000000001,4034.11,NA
"Pdhb",18717.2585506092,17409.186251887,19374.6881888199,14985.4999008557
"Glo1",31093.8894084455,38124.6112446789,31199.7934457567,34368.5767975017
"Pdlim5",7135.28592811736,9085.43081006014,8334.48834053566,8711.03160080601
"Pdlim4",30313.3564462257,32572.0810440691,34737.4493577039,32819.5294796026
"Hbb-b1;Hbb-b2",4823.30886800615,10044.1766578514,7205.91495103095,8408.88235655828
"Prdx6",23390.1653618816,31650.0401832304,31492.445211514,33579.8630392402
"Acaca;Acacb",267404.139153257,265775.243852356,272234.056723608,227310.538793664
"Usp5",9133.68,8545.99,8934.19,9573.67
"Park7",10478.3199891869,6318.4572546741,10016.096712666,7072.22003599891
"Rcc2",NA,1138.49,2864.42,NA
"Vim",277915.532865747,296220.92837153,275389.78862036,273177.396742358
"Mccc1",1059005.65491307,1098905.89992396,1044986.76435847,964578.175469898
"Idh3g",8896.97,NA,6720.19,4304.08
"Nacad",14362.6802603271,15974.6596874493,15937.9543679282,21657.9350966841
"Dpysl2",81215.7373144603,78098.7668740429,90658.8665195612,96875.4347263127
"Ddx42",7540.33729538714,5377.92042969714,5815.31827858427,5957.01528263836
"Rps6",7247.41,6899.07,6018.38,5238.64
"Gpatch8",4975.71242894034,4629.51239015998,5494.64877153827,3716.98991093249
"Cpne6",7742.5276075321,6016.74243693536,8652.80430864736,4906.20999996389
"Cadps",3162.25999997549,5178.92142463314,7246.58156405884,6973.3795329308
"Arg1",5375.38,3349.99,NA,NA
"Parva",5668.06260315859,7673.80839976571,6758.14893651329,5533.5775318395
"Hnrnpk",65218.5922858392,74127.2169769714,77440.6918009918,74418.0970205163
"Lypla2",82761.3332109376,87268.6398681225,86371.8212036456,91024.3464115042
"Phf8",NA,NA,30925.5,NA
"Map2",18103.8225136153,20926.5140771901,20301.236921732,19543.3141153921
"Aco2",25703.7448514734,27814.1684375842,30696.8216531755,29690.3675122563
"Myh11",10049.8592460905,8285.16999993538,8448.30999993411,9307.61012209489
"Ckb",86011.3502179676,81248.6325733838,87988.3655908679,89459.1438484856
"Myh11;Myh9",18348.7627476956,19197.0001529722,18925.1433961035,NA
"Numb",7551.77,NA,6882.11,5701.74
"Sntb1",6838.98803835021,7256.02036871654,6154.40768278956,6258.28345878715
"Numbl",NA,8629.34,NA,4737.28
"Sec22b",22120.6311553269,17430.1088833052,22259.43373584,NA
"Asrgl1",15082.0598118865,15300.8999998749,12434.4999998983,14415.3448738544
"Stmn1;Stmn2",9810.44,11341.7,13768.4,NA
"Actbl2",24800.9227159616,33978.7145681215,18755.858591302,25521.1393926411
"Rint1",6697.06489969696,9494.04953015729,10799.2289387455,13603.2522701974
"Washc2",7240.55549139432,6714.90619167444,7515.64003192391,7014.13632332287
"Gtf2i",8345.23,8133.69,8162.97,NA
"Prpf3",9997.9085059471,8465.06642016543,9724.53838516665,10459.2900715711
"Sfn;Ywhaq",11735.484719331,13981.699578219,10648.7549572735,17038.6842504703
"Arhgef6",21808.1506076278,23569.7351976694,24637.603421287,21901.3929218678
"Psmc3",10617.233208561,14793.5419501633,12738.5905238571,16764.5451705291
"Hadha",23432.3291308036,21334.5225879341,24843.1249858599,21958.6398196284
"Pck2",3247.52450675005,4834.23901388288,3731.67264992782,3440.23978027023
"Krt5;Krt6a",20610.5999998226,46488.2157491255,11774.4643636728,11271.0723741356
"Alb",812570.999990477,531952.832337953,717601.352975213,880124.597174297
"Spag9",12508.5241698643,14525.7440774297,11969.7201038279,15718.0513527085
"Dlat",10841.356453406,9917.08587509715,9095.99600818817,12073.9030982983
"Ogdh",12029.9016367514,15187.9449622381,10421.4724633004,12408.241560752
"Ctnnd2",7370.45690100311,6480.6965806515,7484.00931812172,9701.72179206563
"Cat",10183,6223.64,2317.95,NA
"Cobll1",4347.87207360651,3537.7402274334,4531.2290242316,4137.89843787346
"Krt2",873085.820469023,472151.922181835,221344.503049837,NA
"Lmna",9643.07299307045,13913.7637158687,8797.85103020486,10661.9598770072
"Sart3",11334.3685620188,12047.1710407164,9620.67555122038,12979.4906617526
"Dock7",5423.50544385997,6255.73970838882,6725.83651906892,8099.54483445053
"Slc9a3r1",31358.7411203618,35456.9808137975,32443.5207075989,41173.9348982245
"Stmn2",13602.8,14299.6,13567.6,NA
"Atp2b4",NA,3653.62,5739.99,5114.32
"Dmd",25307.004725114,27587.7289319646,24551.2774973638,24693.5834355571
"Sncg",1025488.76537357,1200985.70495872,1071480.7579228,NA
"Cox5b",4538.52,3521.88,6570.98000000001,7005.83
"Hnrnpa3",64255.6363461107,55680.8703280989,56346.8878382552,NA
"Rimkla",4174.62604711764,8508.98212329605,9763.95217451385,9704.02795573997
"Aldh6a1",21141.5935517905,24988.7648500237,26018.6882752717,19354.7468515872
"Snrpd2",70895.548233758,76052.7266414322,52861.6908189302,80388.1700716605
"Acadm",16845.7999998614,14974.7712463901,14898.595121135,13515.2491833331
"Dpysl4",12071.1215177685,13763.8807321057,14042.8943925645,11095.9666550828
"Mtdh",5192.08838961132,6527.11944653192,7209.69685305066,8506.6719871254
"Sart1",7724.76,6520.52999999999,6925.61,6995.28
"Ppp3ca",15703.5603941781,14881.2309701215,18815.4035201756,12493.7334787567
"Synrg",5742.10309561998,7050.70990544617,8090.05269102471,6955.21557748321
"Nudt9",NA,NA,4399.82,3432.08
"Stx7",8969.95158711563,8266.43954349773,6562.48054317414,7108.11621484021
"Sh3kbp1",7886.31,7928.34000000001,7509.3,6547.62999999999
"Clasp2",11913.1584475342,12429.0151615069,13283.1211785391,13443.0381829919
"Ppia",11923.7639406879,14405.4362730862,12642.8202249046,17805.3521026239
"Araf",7690.51644872257,10204.2959702264,11999.0999999046,9236.07956397732
"Snca;Sncb",28267.1786858917,27765.5959130588,34324.3910463145,NA
"Sh3pxd2b",7745.54871240387,10652.9276021422,10042.8527014233,9435.06149905833
"H3-3a;H3-5;H3c1;H3c2",26478.9687518296,47511.9019816831,34554.6562142961,27811.0596665945
"Ahcyl1",49413.9086229567,43271.3449123924,46603.4236641618,43027.2241224643
"Sf3b1",19792.3038850079,21397.9584780047,19118.031590261,21159.5364520406
"Plpp3",3604.69376449773,4149.52661259918,3448.78467568544,4268.05745510517
"Ctnnal1",3623.51,NA,3286.5,2617.54
"Son",4663.66442122248,6414.78737218793,5982.62794822065,5277.03228567401
"Acss2",4914.97999997385,NA,6055.40999996777,6181.71999996711
"Eif3g",5586.99,7550.93999999999,3257.07,NA
"Rnf121",36750.1865425055,33216.050286199,33353.5735426011,NA
"Nup62",2469.34,1630.19,1660.49,3344.5
"Aldh2",22593.8670453781,26389.1546726973,22437.7661222277,17500.9354626863
"Mapk3",3818.47801885517,6612.60908752055,3863.39265795668,NA
"Hsp90ab1;Hsp90b1",10913.7,11657.8,12623.1,NA
"Bag3",5436.65,5963.85,3853.06,NA
"Depdc7",11561.3811774137,12797.1639626118,15286.882835878,10947.9886385966
"U2af2",6082.48,6922.74,5101.75,8138.73999999999
"Cdc42ep2",NA,NA,4963.37,NA
"Abr",2961.88268468017,6405.96987050104,2532.2615049864,2711.69812318103
"Pcmt1",3210.33,NA,NA,6130.02999999999
"Acads",12411,7763.9,11321,6616.84
"Tmpo",36400.5931983807,31094.2409790774,38936.4752764195,28877.3214754866
"Fermt2",17747.5430106958,17620.5820627168,16157.7615946816,17928.9695550919
"Slitrk2",3589.58,2711.06,3250.17,4289.72
"Gsn",13085.4855907533,11246.4444116967,8343.72243115662,10461.7524582403
"Myh14",27200,34698.2,25975.9,NA
"Rrbp1",3078.94,NA,4546.76,2441.33
"Trim12a",9702.75152811676,8090.33340694984,6255.86508040992,5898.6719500749
"Snca",34647.1222300744,41617.4542485855,42557.2958168484,NA
"Septin5",5332.55738303107,6029.66789597633,9024.50442975292,9108.63584291471
"Pcbp1;Pcbp2;Pcbp3",9367.77228984096,12280.3219630184,10963.8881699481,NA
"Mdh2",10360.6509440598,8615.77562212024,7798.10833157392,10779.7493735217
"Znf207",2678.38,5705.88,3631.98,4651.26
"Acin1",28149.7320785824,27914.2698598188,46737.4458978348,32119.7833816942
"Tln1;Tln2",19156.6693026848,20350.1192856813,16222.7120116358,16485.6801626448
"Rps2",4679.38071922679,7713.50705224916,5326.6925712493,8673.08539155897
"Vcp",6241.71117347872,5903.0002723939,6586.70579650256,8160.27349048157
"Mvp",1733.57,NA,NA,NA
"Eef1a1",22977.7839569714,40933.5082146402,23222.537010291,60833.6770151105
"Niban2",10003.9751540965,10410.302670611,7079.33418123084,12562.985044112
"Msn",6617.57,3430.75,4828.69,NA
"Comt",40928.7105909132,35730.8588890521,36421.2782907487,NA
"Nefh;Nefl;Nefm;Vim",332222,270164,273834,NA
"Krt6a;Krt75;Krt76",55278.8,78004.3,21956.6,NA
"Actn1;Actn2;Actn3;Actn4",4128.63,4115.44,NA,4279.14
"Gls",15583.464397444,17322.8733448846,15972.9002347635,17346.4276734596
"Acat1",18544.6999998435,18093.5518570693,22613.565319443,16307.2652737142
"Krt1;Krt2;Krt4;Krt5;Krt6a;Krt71;Krt73;Krt75;Krt76;Krt79",573976,470246,156456,NA
"Wipi2",9766.26195634858,9984.64814745405,10943.4999999124,11720.7090181942
"Hnrnpab;Hnrnpdl",NA,NA,9127.48,8582.6
"Hnrnpd",8596.88102385833,9850.55244422207,7793.20938498683,NA
"Cttn",23664.5764757111,25666.3780260497,28206.424317821,22154.7024392731
"Ldhb",2687.68,6463.42714778615,1151.10999999635,9495.75397021897
"Krt4;Krt5;Krt6a;Krt75;Krt76;Krt79;Vim",267630,285929,177897,NA
"Krt1;Krt71;Krt73",2299020,2371370,776981,NA
"Eif4g2",NA,2939.84941000759,6590.82936501611,4646.73106440577
"Decr1",5662.13090416942,5923.64932552205,10113.5681048514,3643.60688034378
"Sarnp",5506.19999995968,3808.49999997211,4508.57999996698,5907.10999995672
"Smarcd1;Smarcd3",6509.11,13115.2,10211,9396.01000000001
"Lrpprc",NA,3465.86,4848.51,3549.09
"Hnrnpl",8305.76605959342,5944.97111634151,7208.84679377208,8136.90829427392
"Limch1",NA,NA,9846.51999999999,NA
"Nefl",19230.4615919097,24359.4543139636,19202.3330987854,25398.5738466738
"Las1l",14820.4258312111,13390.5450234337,15201.3894286191,15521.0044321245
"Fau",84554.6,95268.5,82379.9,NA
"Oxct1",8216.82000000001,8081.46000000001,5961.7,6447.59
"Gapdh",16535.3210739964,16524.5884770884,14416.2534972183,17745.7419688919
"Flna",9559.87320124821,10704.0147517582,10813.1875454835,11258.3221470689
"Eif3c",NA,10463.9128835657,9697.94370809099,4491.83550634503
"Pgk1",13216.7239946333,23242.0197569883,8394.12322845181,26198.6589482281
"H2az1;H2az2",1613.4,NA,3340.38,NA
"Col1a2",10605.6060495837,71174.9023048816,10638.1850367358,3076.49755579134
"Cpsf6",NA,NA,20240.9,NA
"Col1a1",11910.5999999163,82740.0999994186,14282.2999998996,NA
"Lasp1",24445.2266376119,21038.1567762326,22888.223423644,25672.3565490481
"Clic1",8407.91910081942,9645.38563516824,8255.00881112395,9129.80936776295
"Chmp4b",15420.4020213016,19483.6470477086,12808.4916635663,17158.1288276238
"Efnb1",4472.07,3476.46,3121.83,NA
"Ubap2l",NA,NA,4914.94,NA
"Acsf2",3840.26,4011.35,2494.43,3623.52
"Pygb",16037.936856823,12084.470303774,17532.8853624758,15118.5592459661
"Aldoa",4380.50443270333,9386.15797002707,9079.68711072438,6198.6195876707
"H1-2",NA,NA,14069.1,NA
"Acot1",18917.7659760609,15713.7326559899,14826.5999999103,NA
"Hnrnph1",NA,NA,4234.21,NA
"Eif4g1",5503.35495824331,5930.67315937496,7500.59859124431,5904.36389019077
"Srcin1",14666.2679723031,14051.6224672772,15815.4956128718,16228.4634209155
"Add3",17524.4385463908,14587.05585077,17176.9433309891,14135.5528031003
"Eif5",2906.62,5312.7,5495.59,5402.05
"Dsp",25858.7119159688,29647.5765560706,9391.84941991063,8862.27164610061
"Cs",26222.7007931285,28213.6186539639,30486.2496824407,NA
"Ythdf3",855.878,5091.61,NA,NA
"Vapb",3451.23019265764,NA,NA,4975.54865445138
"Tnks1bp1",4994.91317953685,5864.56944215567,4557.75176487519,7111.0270482576
"Hcfc1",13504.4243237181,15731.8428482898,18076.39493461,18726.4999998436
"Nudc",5477.89778058839,5526.18057293762,4876.24074662538,10365.4579645234
"Tgm1",1742.72,NA,NA,NA
"Hibadh",NA,NA,2338.23,NA
"Aqp4",NA,NA,5838.27,NA
"H1-2;H1-4;H1-5",351709,740774,441942,NA
"Rplp0",7257.97524004728,13840.375651191,7872.72283741235,14183.6443601994
"H1-4;H1-5",335436,780641,488845,NA
"Eps15l1",11572.8392931169,11994.8174385205,12677.8830290711,10458.227743264
"Anxa5",9750.11410374452,8735.36444262763,7589.52999993998,12169.279695777
"Anxa1",18243.1685506603,28327.9620127488,2647.50999998029,12540.9764157621
"Fasn",4164.53495977434,2862.68914662611,3230.67517689322,NA
"Pdap1",14239.6488257902,17824.9747601222,19121.329084878,17086.8545105254
"H1-0",2746830.13964399,4489867.14904467,3164860.32354645,NA
"Trap1",18843,25148.1,18437.9,NA
"Cast",11815.1164450839,9708.51879863436,10854.8559750808,7908.92354297681
"Eef1d",14613.451660012,18092.4581755151,14106.9589297729,19068.9889630403
"Ctnnd1",NA,3565.3,2514.2,NA
"Krt5",114068.232268,146134.389412481,35710.3608649924,23998.3590262519
"Hsp90ab1",13697.4999999134,22043.2302712937,17178.8605065907,NA
"Bcas3",7699.83130531953,7012.74574248438,7865.99284172135,7487.29809535205
"Gstm5",NA,NA,8275.52000000001,NA
"Got2",1903.53,2176.82,3400.58,NA
"Ranbp2",8826.23728413839,6681.66513067567,7428.83140029618,7968.36770903193
"Mpp1",NA,NA,4751.77,NA
"Itpr3",NA,NA,NA,3094.53
"Ezr",NA,NA,8915.27,NA
"Rpl7",8152.13999999999,6748.59,9567.69,NA
"Abcd3",NA,NA,3263.24,NA
"IntS13",NA,NA,NA,2547.29
"Hdlbp",NA,NA,3122.52,4606.85
"Adh5",NA,NA,NA,995376.999999999
"Hnrnpa2b1",128716.472197705,103482.902606618,117611.317711147,143534.42560722
"Rpl4",8192.88873753041,7544.89428382702,8864.65417983013,8448.24076131883
"Irf2bp1",18158.5,17511.2,15333.4,16383.7
"Txnrd1",8926.40499024889,7709.49079172483,7202.69147105436,9436.02936584661
"Hnrnpa1",122708.862380504,223637.712568659,132995.894903515,203509.363216581
"Arfgap1",7401,6074.68,11642.8,7006.15
"Sntb2",7283.9,6561.44999999999,6695.45,7582
"Hnrnpa1;Hnrnpa3",40173.2,34275.6,35829.9,NA
"Eef1a1;Eef1a2",48926.4332472265,56473.900208613,53330.7616356338,54939.4349868198
"Fubp1",6974.77679283312,6342.59567154483,7634.84615573889,5363.546562088
"Cluh",NA,NA,18421,NA
"D1Pas1;Ddx3x;Ddx3y",11988.2323932977,11965.7702475989,10694.4159081945,11366.7781014278
"Isg15",NA,NA,6955.57,NA
"Gucy1a1",5046.88,4027.38,5361.47,5604.62
"Tgoln1",7590.88798394809,12014.4660411302,11318.909367226,11922.2376068017
"Ppa2",NA,3734.88672138192,3920.54158001622,2810.03643098752
"Rps8",7313.57306124957,10816.5266579949,5496.93817844136,6838.93621082641
"Cse1l",NA,NA,281912,NA
"Hspa12a",NA,NA,1700.41,NA
"Hspa5;Hspa8",16115.9529144878,17930.9686502897,14434.7897575375,19040.9262137936
"Hspa1a;Hspa1b",NA,3392.54,NA,5053.64
"Tigar",NA,6977.01,5661.77,7024.61000000001
"Pak2",15198.2703090509,16257.4569051029,16194.6877758258,18459.1901938427
"Dlg1",8183.74,6325.7,8602.92999999999,3804.24
"Safb2",9872.67,7532.69,8992.28,NA
"Ermp1",2543.47,NA,NA,3063.6
"Ppid",5150.66,6047.44,5934.76,8630.65
"Arl3",NA,NA,7473.69000000001,NA
"Plaa",7817.82,7390.62,8002.27000000001,NA
"Rpl18",6435.82217836374,6369.71206059727,7668.32999994229,4586.22999996549
"Srpra",5040.88,4450.55,4517.37,3987.8
"Steap3",NA,NA,4358.66,NA
"Strepta",5862041.71463196,5276819.95738437,4336532.71373316,NA
"Ddt",3918.29,NA,NA,3493.68
"Dync1li1",3104.76,5767.37,4959.56,5382.09
"Pkn2",2861.08213301427,1887.87104478514,6024.4595622027,4627.54830729939
"Trim32",7212.6,NA,5334.86,6824.07
"Acsbg1",6819.22,8413.33,7306.94,7889.29000000001
"Tpm3",10985.3,NA,5021.8,7491.96
"Flot2",4256.6217696273,4581.4960581911,5159.76788485356,7792.07305157128
"Echs1",NA,NA,3281.34,NA
"Fbn1",6162.0200523578,7137.32073525192,9627.8124073266,NA
"Krt13",40023.375723049,53237.8020209963,NA,32388.0094111243
"Hspa5",5332.13414228719,5919.4192069259,5263.96075329228,7408.28024178653
"Mks1",6654.08999996314,NA,5379.06999997019,3933.62999997821
"Rpl22",2529.61,3825.73,2051.82,NA
"Ist1",15059.0676327706,17007.8654862669,13321.9762641339,16348.6479136917
"Dpysl2;Dpysl3",56592.7436257458,53753.2807884975,53147.8446931212,67543.3905575656
"Tomm20",NA,NA,13582.9,NA
"Erbin",4379.78,8701.74,8219.71999999999,7748.10999999999
"Krt73",272707.558678141,251780.048119037,71654.0345855519,43795.8778310625
"Prph;Vim",211309.04709069,190244.728064708,165892.931803053,190165.368246982
"Ppp1r2",22494.1,23243.6,17413.9,NA
"Krt10;Krt13;Krt16;Krt17;Krt35;Krt42",997108,752261,274905,185911
"Slc4a4",30762.9429161365,34973.0543392892,32293.8250029881,39944.8453884155
"Ccar2",9062.92691659185,7068.86999994642,6747.65448956511,8233.77337807603
"Krt4;Krt5;Krt6a;Krt75;Krt76",69975.6,53735.2,28680,10865.6
"Rplp2",462.195,2202.42,NA,1232.22
"Krt13;Krt17",1466060,1695300,539334,NA
"Krt35",28798.9,45748,NA,NA
"Bcat2",NA,3815.21,NA,3959.19
"Pkp1",NA,NA,1975.11,NA
"Ckap5",5248.06000007314,NA,4232.52000005898,NA
"Sipa1",4225.58,3471.65,4728.9,6372.42
"Nap1l1",NA,NA,2098.7,NA
"Trim28",8626.62,7633.53,8864.02000000001,NA
"Ndrg3",3960.54,4501.92,4271.59,5708.62
"Ruvbl1",NA,NA,10383.7,NA
"Ndrg2",12992.8,13892,17613.5,NA
"Rpl36a",8221.15999999999,14507.3,9233.81,NA
"Uchl1",11212.9,12473.2,5694.02,14035.1
"Ampd2",10535.8,NA,11900.2,3813.98
"Nes",5859.70783289762,7902.91726097383,5222.33396812426,3869.25806646243
"Acbd5",10239.4,5349.44,7789.22,2959.51
"Epdr1",9963.12398446846,8686.9299999306,11085.727507007,12527.2383906705
"Gtpbp6",NA,NA,603.381,NA
"Kif5b",4414.85545155032,7617.6223783115,6040.70803596414,7919.60839248182
"Aldh9a1",7076.08737679453,6993.97206230177,6539.05222196856,6549.54131472832
"Dnm1l",NA,2970.49,NA,NA
"Srrm2",5528.42,4784.88,5571.34,5000.76
"Tpd52l2",13495.2752236927,17309.981740098,18195.5259358439,18253.0688558072
"Pxn",4020.39,5431.75,NA,4553.53
"Soga3",2052.31,NA,NA,4129.77
"Gapvd1",NA,NA,6017.14,NA
"Ywhae",NA,4893.5,NA,NA
"Mylk",4628.65927340196,5511.54102527398,5448.18243691755,4851.22222613193
"Rps20",NA,NA,20318.1,NA
"Suclg1",15521.3855368554,15551.6541152055,16620.5884873082,NA
"Gnb1;Gnb2;Gnb4",10121.2843414985,9076.54688142069,8314.36082694174,7134.57429002764
"Exoc4",NA,NA,NA,3557.39
"Vtn",5199.47,NA,6141.59,NA
"Rps3a",10321.0985796059,31984.4835962161,17244.5271564159,27624.7548594221
"Srsf4;Srsf5;Srsf6",NA,NA,14364.3,NA
"Prdx5",8698.54,11272.2,7307.49,NA
"Esyt1",7244.62,5720.13,8784.83,7450.26
"Ap3b1",2484.26,3338.62,3670.88,3631.7
"Igbp1",14320.9647913634,14460.2114617165,16288.5257886491,NA
"Nr3c1",NA,NA,9647.67999999999,4935.97
"Krt2;Krt4;Krt5;Krt6a;Krt73;Krt75;Krt76;Nefh",382020,253096,117048,NA
"Dctn2",5455,7024.21,5632.95,6303.5
"Sars1",17316.39999985,28555.1124505234,20437.0593156184,23173.0803799149
"Rab10;Rab13;Rab15;Rab1A;Rab1b;Rab8a;Rab8b",6685.25,5667.93,5051.33,7514.30000000001
"Gnai2;Gnas",22796,23982.9,19389.9,NA
"Crebrf",191208,85648.7,53621.9,NA
"Dock1",7349.23890249043,5800.3229236488,8342.33674808655,4944.21519762675
"Set",32166.3661097871,33232.3999997052,31647.2999997192,34123.8367005514
"Prrc2c",8312.38,9170.39,11999.6,9393.75
"Tbc1d10a",NA,NA,6764.92000000001,NA
"Oat",8628.11000000001,10124.3,11610.7,9209.29000000001
"Git1",8218.23999993495,11306.4999999105,15195.5999998797,8235.9399999348
"S100a6",NA,NA,9603.60999999999,NA
"Strn",8382.36999993254,10171.1815217014,15596.8566393994,11212.4983637996
"Plin3",19320.8198948066,21007.5051464972,17712.1909991918,17955.542041359
"Atxn2l",10198.3675220415,11844.8253627508,8521.78322880927,8775.45757361281
"Vars1",2709.1,2744.13,NA,5126.26
"Ampd3",NA,NA,11585.7,NA
"Krt19",36405.3,19228.9,15400.1,NA
"Slc16a1",NA,NA,5530.98,NA
"Cdc42ep1",NA,6185.06,5835.11,NA
"Cltc",7040.37740478267,7677.44573958777,5775.81919036928,NA
"Fabp7",NA,NA,8699.50000000001,NA
"Ddhd1",NA,7185.8,11760.8,5763.18
"Dag1",14225.3,11231.8,16029.9,11286
"Rap1gap",NA,NA,NA,4610.25
"Septin9",19322.8902102959,22765.6792609517,19959.2496548413,24725.3520782271
"Ran",7581.05279913763,8097.63306216934,8247.81431287867,9063.75393443932
"Rufy3",12240.8459946592,8258.70999993244,11424.7999999065,12532.3252497762
"Eef1b",16436.1474429294,10619.0983296971,15288.7992847555,NA
"Psma2",1308.8500000158,3235.19000003905,NA,NA
"As3mt",6224.73,6870.47000000001,8045.63,7824.83
"Pcbp2;Pcbp3",33935.1,32054.9,32965,NA
"Rpl27a",27841.4398587111,31511.7765904601,26246.3716208424,22738.3149401381
"Nck1",10389.6179829764,14460.4488706572,7349.38694154884,13820.9883978696
"FAM120A",NA,NA,3821.13,6304.69
"Pebp1",103348.938719554,104853.353858523,103605.677314714,NA
"Ndrg1",11956.9969916933,12105.808033082,10024.8128950164,NA
"Nefh;Nefl;Nefm",9723.43,8326.15000000001,11124.1,9553.17999999999
"Jpt2",NA,NA,2444.85,4837.49
"Fip1l1",4846.12,3369.29,6329.90000000001,5147.62
"Hnrnpc",5722.30122215372,15043.2219253562,8657.07486148059,22433.2134598016
"Khsrp",7921.04113981694,9184.43060872289,8725.28387763921,9927.03038164508
"Baz2a",48184.4,37408.9,43957.8,37973.7
"Rab3c",NA,NA,2495.07,2843.99
"Krt17;Krt42",584641.33830223,754944.773896953,200533.726909362,101683.077604865
"Lpp",3677.53183284169,4916.92719989454,4220.44683191577,5304.97040954368
"Steep1",NA,NA,3470.14,NA
"Rpl7a",5210.83434193497,3323.6551532247,6386.62924968206,5714.90763445767
"Ak2",NA,NA,4401.63,NA
"Idh1;Idh2",12243,NA,10574.5,10231.5
"Dync1li2",4251.10318960035,4726.33279340621,4507.04211523229,4048.38599421871
"Tmprss13",NA,NA,22127,NA
"Krt5;Krt79",65915.7,78643.6,14214.7,8043
"Krt79",789417,421866,212371,NA
"Krt71",10764,NA,NA,NA
"Krt75",49503.0701851469,97224.3809361937,NA,14884.4999998792
"Tom1l2",4657.3551555876,4589.17684012679,4468.62580712331,5827.81694794012
"Kpna3;Kpna4",NA,NA,NA,6663.49999999999
"Top2b",3008.56,3084.82,NA,2590.59
"Gzmk",NA,NA,8281.51999999999,NA
"Rpl12",NA,3089.95,432.443,NA
"Sh3gl1",4113.7979850802,8071.07769806473,7777.56597759958,7507.76610221651
"Gspt1;Gspt2",17122.368820777,18581.307425884,17249.2714949188,16475.422161999
"Cend1",16536.2029743508,18773.1603760247,16949.782180684,NA
"Sncb;Sncg",125632,163322,173836,NA
"Prdx2",25634.4,24464.3,12773.3,NA
"Ube2g1",NA,NA,57758.8,NA
"Myh11;Myh14;Myh9",16181.5,16274.7,13746.2,10840.8
"Itgb4",1147.94000001329,NA,1987.67000002301,NA
"Atp8a1",NA,NA,1292.38,NA
"Nebl",NA,NA,2778.45,NA
"Rbm17",4013.72958133136,NA,5037.12514998064,4902.64711122796
"Krt10;Krt13",487315.199911204,267039.120208785,82906.1887657391,49119.5325591457
"Qki",NA,NA,2506.14,3129.97
"Ap3s1",2032.19,2550.85,4097.76,NA
"Rtn3",4727.23999996421,6508.83999995071,7254.67566914576,6850.0246138638
"Eif4b",42239.6045844403,38441.2033241258,37399.3713765383,36687.7789086594
"Hlcs",11009.2,11284.5,14651.7,NA
"Snx1",10731.9590745032,3137.72999998414,6968.8714850794,NA
"Krt5;Krt6a;Krt75",34887.9,23446.7,16227.4,5768.94
"Iars2",NA,NA,5476.62,NA
"Kcnj10",4779.71,6743.33999999999,4970.2,8297.45
"Edc4",NA,NA,2100.89,NA
"Rpl15",8130.43,8518.25999999999,NA,6091.42
"Magi1",NA,NA,4089.67,4910.95
"Add1",21242.1438413858,20561.0671375161,19742.5736745175,17920.01926166
"Arhgap1",NA,NA,7298.57,NA
"Twf1",5503.93,6274.87999999999,6175.71,7722.4
"Alms1",NA,NA,1676.65,NA
"Sh3d21",3216417.71948171,3234848.63537551,3157678.47959067,2370769.27941163
"Lyz1",NA,NA,3997.17,NA
"Tgm2",2622.3,3293.14,2853.49,2713.73
"Cav2",NA,NA,3217.15,NA
"Limd1",5090.17,5145.4,2585.97,4237.65
"Krt4",63491.1,69583.9,NA,NA
"Rnf214",NA,NA,NA,2979.6
"Eif4a1",8675.80612363392,9684.0021938285,5902.91999995373,7947.74269130757
"Reps1",1521.93353248554,1664.63592693977,1953.61555231146,NA
"Slc25a4;Slc25a5",17258.1,19791.8,16189,NA
"Tmem263",NA,NA,1925.72,3091.52
"Ivd",NA,2510.85,NA,5518.24
"Slc2a1",33401.9381805664,38506.6017447092,47816.5397690628,38358.9949648689
"Dbnl",NA,4169.21,1622.97,NA
"Rps27a;Uba52;Ubb;Ubc",53042.8729569469,81998.2748916223,54488.9692203843,NA
"Dclk1",4373.83,8581.18,11030.9,3769.14
"Hsp90aa1",7002.16,6842.14,6177.50000000001,NA
"Dtx3l",6586.26,5550.22,6732.16,5974.67000000001
"Krt1",1801800,1871050,541101,NA
"Edc3",6268.34,4477.03,4943.45,4477.47
"Dbi",4463.31,4733.09,2050.47,NA
"H1-4",4107000,6562000.00000001,5216150,NA
"Sncb",10108.1,10301.3,13789.9,NA
"Champ1",NA,NA,3875.73,NA
"Nup214",3543.21,5493.88,5613.4,4801.73
"Septin7",NA,NA,15800.5,NA
"Gmds",5879.4,4674.37,5032.33,5309.24
"Sumo2;Sumo3",6081.09,8604.66000000001,9206.82999999999,4807.2
"Snrpd3",NA,NA,3536.09,NA
"Eprs1",8041.56068815899,6100.03552613041,5251.24519627657,10720.7871772852
"Mre11",NA,5379.61,2272.43,2803.49
"Cpt1a",NA,NA,NA,17193.1
"Atp2a1;Atp2a2",4153.42,4052.64,2657.17,2833.4
"Srp54",NA,NA,3277.66,NA
"Lzic",216383,178754,168715,150303
"Eef1a2",3549.86419275373,4154.20949010822,4065.47503087363,NA
"Cfdp1",6945.51,5197.63,6582.71,7081.35000000001
"Srsf2",11687.3,17140,7440.93,8298.99000000001
"Sdha",NA,NA,NA,4241.38
"Acaa2",17513.9,23089.3,26690.5,NA
"Mbnl1;Mbnl2",13633,14485.1,16037.9,NA
"Lims1",11442,9024.12000000001,10249.3,NA
"Echdc1",8235.58999999999,6810.54,8204.52999999999,7793.81
"Gpt2",NA,NA,NA,3105.42
"Nf2",10487.9,9587.68000000001,11992.5,9787
"Hibch",8483.12,7151.46,7813.43,NA
"Tdrp",13392.8,16368.3,15718,8914.54000000001
"Znf512",9386.82,NA,9185.6,5638.84
"Bsg",2669.54,NA,1566.73,2181.69
"Sfn",11364.1,NA,10727.2,13408
"Septin11;Septin8",10763.3,9418.86999999999,9664.08999999999,11484.1
"Add2",5785.11820931848,5231.58751250535,4440.44343253269,5818.79088303963
"Septin4",4906.63,5807.67,6391.62,4854.75
"Eno3",NA,NA,4297.98,NA
"Ahcy",NA,NA,9102.38000000001,5801.79
"Sprr1a",35406.1,27045.7,19308,NA
"Sf3a1",2242.03,3891.67,3609.96,4166.9
"Fam114a1",7288.76,8110.91,7536.95,7486.00999999999
"H2ac11;H2ac12;H2ac13;H2ac15;H2ac20;H2ac4;H2ac6;H2ac7;H2ac8;H2aj;H2aw;Hist1h2af;Hist1h2an;Hist1h2ao;Hist1h2ap;Hist2h2aa1",5708.15520571511,27544.5999997542,8365.84999992533,45751.3546327304
"Glod4",5514.18,6796.13,3974.49,NA
"Krt10;Krt16",996305.206816446,642241.962648138,301968.092348294,NA
"Aldh4a1",3774.19,NA,4590.46,NA
"Ddx46",9506.96999999999,5755.76000000001,9171.51,8776.32
"Sugp2",NA,NA,6141.26,NA
"Rab21",5430.41,NA,5309.51,6484.28
"Gmeb2",1830.89,NA,NA,NA
"Snx3",4943.54,8608.42,10895.1,10539.1
"Cr1l",NA,NA,9148.86999999999,NA
"Mtor",79642.6999999999,NA,61348.9,53632
"Chd4",NA,NA,6083.66,NA
"Krt1;Krt2;Krt5;Krt6a;Krt75;Krt79",148924.797367771,186628.990641961,48172.8443106615,32446.5222625936
"Krt12",64080.5,62183.7,NA,NA
"Klc2;Klc4",4140.43,3196.35,4860.37,4736.94
"Cd44",NA,NA,3459.53,NA
"Cplx1;Cplx2",7239.67,9347.39,13187.1,8885.00999999999
"Taf9;Taf9b",5597.07,NA,NA,3239.25
