"","E:\DIA-PASEF\20250114_TurboID_DRGexpl_Ox\V_TC\V_f_TC_Slot2-4_1_3801.d","E:\DIA-PASEF\20250114_TurboID_DRGexpl_Ox\V_TC\V_m_TC1_Slot2-1_1_3799.d","E:\DIA-PASEF\20250114_TurboID_DRGexpl_Ox\V_TC\V_m_TC2_Slot2-2_1_3805.d","E:\DIA-PASEF\20250114_TurboID_DRGexpl_Ox\V_TC\V_m_TC3_Slot2-3_1_3802.d"
"AAASEGVQVK2",17360.4,12766.6,16408.3,17431.7
"AAEEVGYPVMIK2",217796,252396,249476,207920
"AAEQMSTLPIDAPSPLENLEQK3",24473.5,27539.8,19221.8,21513.1
"AAEVESVK2",91488.5,91794.4,83708.8,90694.8
"AAIDWFDGK2",27446.9,28405.7,27604.5,29408.6
"AALEALLGR2",6092.96,5818.4,8788.77,6813.96
"AALELFEQEGLAPYLPR2",2564.12,8268.19,NA,2374.93
"AAMIWIVGEYAER2",1308.78,1016.01,1658.38,1603.51
"AAQLAIR2",13501.5,21276,18473.7,27379.2
"AATTNPSQGEDLK2",113302,110451,110598,106826
"AAVEWFDGK2",23004.5,NA,23471.4,21709.5
"AAVPDAVGK2",4826.02,3084.01,4222.99,5763.07
"AC(UniMod:4)TELGIR2",58919,121176,137398,444116
"AC(UniMod:4)VAGTSDAEAVK2",2617,2534.37,1947.82,1731.07
"ADEAYLIGR2",836786,984087,1032830,1127620
"ADFAQAC(UniMod:4)QDAGVR2",23379.9,39618.5,46491.3,189559
"ADIAVPLVFTK2",11119.1,11021,12336.4,12104.9
"ADIEMPFDPSK2",2892.53,1994.23,NA,NA
"ADLINNLGTIAK2",7283.28,11074.7,5922.17,8958.75
"ADLPGSSSTFTK2",4399.96,2337.84,3815.88,NA
"ADQLC(UniMod:4)QQELR2",17275.8,14307.5,19100,13671.3
"ADSVVVLLC(UniMod:4)R2",4767.29,NA,5700.53,4881.34
"ADVVESWIGEK2",18829.4,23390.7,15644.8,19280.1
"ADVVETLLQTDQSLTEAAK2",7323.71,4560.24,5989.04,7853.78
"AEAAEAANR2",5874.04,2262.11,NA,NA
"AEADPQAIPK2",47359.1,44316,37249.1,44457.8
"AEAEAATGAGFTAPQIELVGPR2",9297.24,10042.5,8441.44,10133.8
"AEAEALYQTK2",6304.08,7195.61,NA,NA
"AEAEAQAEELSFPR2",824177,855290,945367,1042240
"AEAEAQAEELSFPR3",215835,229698,252865,225797
"AEDGSVIDYELIDQDAR2",9017.45,10849.3,10888.4,11266.2
"AEDTTMPIR2",7422.3,9167.18,8169.46,8104.2
"AELVVIEDAATPR2",3266.99,NA,2790.15,2590.29
"AENAGLSSAAGLLR2",3192.98,2719.46,4696.87,6186.63
"AEPEILELESK2",19653.9,19474.8,22677.4,21578.1
"AEPTVIEK2",9720.04,9402.24,9120.45,NA
"AEQLAAEAER2",10824.2,6275.88,13490.9,12401.9
"AETSESSGSAPAVPEASASPK2",27007.9,31443.4,24648.2,26489
"AFAFVTFADDK2",6133.83,11104,12756.1,11556.6
"AFDNDVDALC(UniMod:4)NLR2",3020.97,4796.73,3192.52,NA
"AFITNIPFDVK2",14465.2,9732.27,9663.21,15369.1
"AFLIEEQK2",4110.71,1865.07,1940.4,NA
"AFSIQGAPSDSGPLR2",2730.23,2206.13,1488,2559.64
"AGAYDFPSPEWDTVTPEAK2",NA,6371.18,NA,3140.24
"AGDAFGDTSFLTSK2",NA,3824.5,3462.32,4341.88
"AGDLSNELVR2",11579.8,9268,8233.7,10470.5
"AGDTVGEGDLLVELE2",325392,329606,442541,450059
"AGFAGDDAPR2",10793.6,12585.1,3415.48,9001.11
"AGLQFPVGR2",48142.9,38095.9,24463.2,45915.2
"AGLQTADK2",8034.53,4558.06,7524.78,6729.65
"AGLSQSLFER2",8385.4,19216.7,16786.4,25621.5
"AGPAWMVTR2",11517.9,10157.8,12205.5,10703.1
"AGQSVIGLQMGTNK2",9491.15,9589.39,10465.2,NA
"AGVIFPVGR2",5973.19,4443.39,3895.34,6303.56
"AIAELGIYPAVDPLDSTSR2",7322.26,7132.24,3280.79,4842.42
"AIAGTGANVIVTGGK2",12430.5,18726.8,15412.9,13951.6
"AILILDNDGDR2",10379.9,9163.92,10532.1,11601.9
"AILVDLEPGTMDSVR2",9773.7,9440.34,7018.85,6106.02
"AINVQEEK2",10815.2,3672.98,10447.2,8612.67
"AITGASLADIMAK2",4132.02,1604.32,3430.47,2044.69
"AITIAGVPQSVTEC(UniMod:4)VK2",6561.97,15283.2,NA,13705.2
"AIVAGDQNVEYK2",NA,NA,2193.91,7670.36
"AIWNVINWENVTER2",2109.77,1372.63,1499.48,NA
"ALAAAGYDVEK2",69933.5,81313.6,81375.2,102324
"ALAAGGYDVEK2",4013.27,13319.9,9107.82,26314.9
"ALAENSGVK2",26099.2,23028.9,28437.1,26590.1
"ALALVPGTPTR2",11696.1,9645.24,8032.16,4515.43
"ALASPEQLAQLPSSGLPR2",8339.44,8443.75,4566.39,7583.3
"ALAVSDLNR2",2638310,1936310,1966040,1237820
"ALDDISESIK2",NA,NA,4901.73,2406.29
"ALEEANADLEVK2",64544.8,49870.8,15268.1,15329.9
"ALEELATK2",11916.5,15959.9,12290.2,9357.54
"ALEESNYELEGK2",93512.6,23336.3,19504.8,9841.43
"ALELDSNLYR2",23839.7,26825.7,26774.9,25882.5
"ALETMAEQTTDVVHSPSTDTTPGPDTEAALAK4",10756.9,7240.67,2163.96,6524.44
"ALEYLQQEVEER2",1604.56,2803.91,3443.46,4339.7
"ALGDLISATK2",4791.69,9000.95,4887.98,6887.42
"ALGIGAYLVR2",8944.58,19141.4,16281.7,14842.3
"ALGLNEVDYK2",343016,387948,350841,358446
"ALGSLEGSPSLPDQDK2",15962.4,9461.87,16823.1,12293.8
"ALIEHEMK2",23052.2,19963.9,28256.5,21715.8
"ALSDLIGATK2",8999.69,1482.2,8931.91,9664.31
"ALSQLAEVEEK2",4644.69,7099.6,5830.15,4784.21
"ALTDELAALGR2",8093.28,6014.08,5512.16,6529.16
"ALTTSGGPENTLVFR2",3900.85,6924.66,6533.86,6638.98
"AMADEVTEK2",10226,14305.7,15219.2,10030.5
"AMEAVAAQGK2",3355.98,7525.04,NA,3685.05
"AMGIMNSFVNDIFER2",7336.77,7883.41,5882.73,7834.9
"AMGQVLPDEEQEK2",NA,2015.68,1914.82,NA
"AMLTDPGAVPK2",11081.9,8776.67,7564.3,3160.59
"ANAENEFVALK2",37793.7,NA,NA,NA
"ANAEYIK2",29998.9,42737.2,47228.7,46700.9
"ANEVISK2",NA,6750.46,4454.17,5535.29
"ANGSWELDEDLTK2",8023.98,7855.84,7204.86,7735.71
"ANLGGTEILTPLC(UniMod:4)NIYK2",14621.2,15069.7,10773.2,9418.67
"APAAAADAGDVR2",7325.29,7263.26,6362.14,3781.22
"APAAAADAGDVRDPAR3",24689.5,20488.3,24988.9,26607.5
"APAVATVGSIC(UniMod:4)DLNLK2",NA,1824.83,2385.85,1367.47
"APGFAQMLK2",10486.1,10236.4,9110.97,6459.94
"APILIATDVASR2",9273.34,8936.37,8420.53,11820.5
"APLVLEQGLR2",15586.4,12774.2,13412.1,12260.9
"APNQPAPVEGK2",12039.3,9608.1,10825.3,9001.03
"AQASAPAQAPK2",34593.8,33259.1,19075.9,52612
"AQAVHPGYGFLSENK3",85804.1,116733,82248.3,90688.6
"AQENVELPQLK2",18641.6,13982.7,16240.2,14871.6
"AQLEEQLQEVR2",3252.7,5050.74,5411.87,NA
"AQQVSQGLDVLTAK2",3749.94,3847.22,4184.55,NA
"AQSPLLPEPLK2",7681.4,7042.37,2223.14,5953.86
"AQVGDLEEALAR2",4532.68,9230.84,8860.02,8133.84
"AQYEDIAQK2",801992,721666,275622,281717
"AQYENIAAK2",18911.1,17684.9,19839.7,19075.1
"ASLDMFNQK2",NA,4182.16,3697.2,NA
"ASLENSLEETK2",16909,4048.89,2343.54,NA
"ASPAPTPTPAGAASPLAAVAAPATDAPQAK3",5976.38,10168.4,7563.24,10038.3
"ASSVTTFTGEPNMC(UniMod:4)PR2",47613.7,39497.9,41318.1,37124.5
"ASYVAPLTAQPATYR2",NA,1380.04,2712.28,2746.61
"ATAENEFVALK2",15893.9,NA,NA,NA
"ATAVMPDGQFK2",13086.6,10982.4,9746.22,10275.4
"ATDFVVPGPGK2",5490.31,4945.84,4255.06,4754.14
"ATGPAPGPSVDR2",7644.94,8749.44,9881.5,10019.6
"ATGVLLYDLVSR2",4565.3,5136.2,2672.22,4543.99
"ATISDEEIER2",2013.55,2861.36,NA,2523.86
"ATLVEHGIR2",27185.4,28193.1,35244.8,39230.4
"ATPLPAEGK2",13443.4,11800.5,13401.7,12665.4
"ATQPEVDLPQSSGNFK2",NA,NA,30728.2,NA
"ATSISTQLPDDPAK2",12011.3,11643.2,10584.9,10047.5
"ATVTPSPVK2",2941,6625.19,5618.49,6985.14
"AVAALDGAK2",37727.1,42276.9,32491.6,70646.7
"AVADALNR2",13852.1,10477.7,16970.5,11748.1
"AVAIETQPAQGESDAVAR2",6563.95,NA,NA,NA
"AVASEEETPAK2",6995.38,5478.39,5325.86,3894.62
"AVC(UniMod:4)MLSNTTAIAEAWAR2",11178.6,21441.3,11964.1,9915.98
"AVDDGVNTFK2",NA,4813.82,3855.54,16338
"AVDFLAANESR2",NA,NA,3583.46,NA
"AVDSLVPIGR2",9944.93,5355.89,8236.89,11129.5
"AVEEVITISK2",20499.5,20247.7,18163.6,26083.8
"AVEEVTVEK2",3516.67,3615.03,5621.51,4153.1
"AVELAANTK2",8718.83,4449.38,7724.53,11829.8
"AVEVDQQFDGAPVQVR2",2789.56,2825.97,3312.02,2122.87
"AVFVDLEPTVIDEVR2",177856,148135,128152,160131
"AVFVDLEPTVIDEVR3",10980.2,11520,7741.49,14749.1
"AVLDALLEGK2",3800.76,4983.37,3666.63,6505.56
"AVLFVGLC(UniMod:4)DSGK2",NA,1639.59,761.214,NA
"AVLNSEVLEQR2",3612.22,5069.93,5805.16,6269.61
"AVLVDLEPGTMDSVR2",4253.95,5785.06,4986.31,3460.68
"AVPVSNIAPAAVGR2",3040.58,2886.41,2266.7,5081.6
"AVTGTDVDIVFSK2",30654.1,40032,36898.9,37888.2
"AVVLDLLR2",12087.8,6640.61,6640.06,12374.8
"AVVMDLLR2",224992,226885,264819,238462
"AYSEALAAFGNGALFVEK2",61543,64164.5,50569.6,72913.1
"AYSEALAAFGNGALFVEK3",12486.5,23033.5,11436,11541.1
"AYVEANQM(UniMod:35)LGDLIK2",50614.2,50439.4,54510.9,43290.5
"AYVEANQMLGDLIK2",789390,647703,648154,722885
"AYVEANQMLGDLIK3",13844.1,12004.3,18919,11876.7
"C(UniMod:4)APLATEVFDEK2",11291.5,7204.62,8378.42,12104.8
"C(UniMod:4)DDGWFVGTSR2",9067.19,7480.13,7053.01,9827.37
"C(UniMod:4)EC(UniMod:4)DMGFVPSADGK2",NA,31858.8,4199.69,NA
"C(UniMod:4)EC(UniMod:4)EIGYELDR2",NA,14568.3,NA,NA
"C(UniMod:4)EC(UniMod:4)PVGFFYNDK2",2058.13,30392.4,4482.06,5280.46
"C(UniMod:4)EWELLER2",8398.74,6986.97,10174.9,13554.3
"C(UniMod:4)GEDEDTVPAEYR2",NA,3782.99,NA,NA
"C(UniMod:4)GGIQYLQSAIESR2",69673.5,86323.5,50906.1,91781.8
"C(UniMod:4)IC(UniMod:4)NSGYEVDITGK2",NA,20264.9,2431.34,2712.06
"C(UniMod:4)LC(UniMod:4)PEGFSLSSTGR2",NA,30246.2,4448.85,3797.68
"C(UniMod:4)LIEILASR2",4216.9,5175.75,4330.89,5834.25
"C(UniMod:4)MPTFQFYK2",121901,119142,109733,74651.5
"C(UniMod:4)NEGYEVAPDGR2",1194.17,21258.5,3032.78,1371.08
"C(UniMod:4)PEPC(UniMod:4)PPPK2",6705.79,6588.9,5796.05,NA
"C(UniMod:4)PVGYVLR2",NA,18696.2,5455.56,4151.34
"C(UniMod:4)SC(UniMod:4)SPGWIGDGIK2",NA,15123.2,3482.25,2211.93
"C(UniMod:4)SNQLPQSITK2",NA,8568.46,NA,NA
"C(UniMod:4)SQAVYAAEK2",11807.3,13932,8242.17,8962.53
"C(UniMod:4)TELNQAWTSLGK2",7466.98,8335.8,7376.17,6648.81
"C(UniMod:4)VIDIC(UniMod:4)MK2",20430.4,NA,7878.73,34025.1
"DAASNEIPTLTK2",15106.4,15100.1,15796.4,16139.7
"DADEAVR2",164521,121332,36159.2,29022.5
"DAEEWFFTK2",34107.9,18627.5,8954,7042.14
"DAGTIAGLNVLR2",7632.6,10098.6,8079.98,8452.61
"DAGYEFDIC(UniMod:4)FTSVQK2",7087.53,13450.6,4696.81,4658.87
"DAHQSLLATR2",264457,332420,335137,340008
"DAHQSLLATR3",108674,121966,135989,130877
"DAISGVGTDEK2",7417.44,5112.16,8073.41,8520.47
"DALLETVNR2",96621.1,90956.1,29122.7,41369.6
"DALNIETAVK2",38608.5,40993.1,33260.2,36293.3
"DASPGSPLEK2",4072.92,5844.79,4355.2,6277.53
"DATNVGDEGGFAPNILENK2",1086.12,5434.32,2757.16,3404.01
"DAVLLVFANK2",4585.62,2561.44,4101.77,3111.07
"DAVTYTEHAK2",21726.1,25769.9,26936.3,24729.8
"DDEGFIIR2",27259.2,34445.9,25014.1,25430.3
"DDGLFSGDPNWFPK2",22681.8,18439.7,20785.3,18004.6
"DDMEMC(UniMod:4)ELNLEETGLTR2",40682.5,35229.4,39787.8,26537.4
"DELHIVEAEAMNYEGSPIK3",4107.69,4721.94,2347.84,2868.09
"DEPIHILNVAIK2",26074,21728.6,12620.3,17613.6
"DFLAGGIAAAVSK2",7259.76,NA,NA,NA
"DFLAGGVAAAISK2",NA,9043.12,5576.26,8126.34
"DFLLQQTMLR2",18511,20017.9,14767.4,16851
"DFSAPLTISR2",17635.6,24811.3,18844.2,22744.5
"DFTATFGPLDSLNTR2",1414390,1182110,1335440,1583500
"DFTATFGPLDSLNTR3",4383.65,5694.11,6839.08,5058.54
"DFTPAAQAAFQK2",20067.9,NA,NA,NA
"DFTPVC(UniMod:4)TTELGR2",21523.7,18862.3,16260,16658.4
"DFTVASPAEFVTR2",197946,217107,238090,232107
"DGDIVDVMEK2",9490.56,12801.2,10626,5127.87
"DGEAGAQGAPGPAGPAGER2",NA,8523.13,7754.24,5055.58
"DGIILC(UniMod:4)ELINK2",41998.8,33775,35082.9,45783.2
"DGKPEVNR2",53328.9,35440.2,44255.1,42554.2
"DGLAEDLAALK2",22512.9,26198.1,22819.2,23931.1
"DGLGGLPDIVR2",4443.5,4800.21,6668.42,5833.02
"DGLILTSR2",3303.86,3508.59,3408.71,4782.71
"DGSYDMQIDNK2",10206.8,29975.2,32660.3,80201.4
"DGTVLC(UniMod:4)K2",15919.9,15386.6,14075.6,7514.94
"DHPTAATK2",21303,8343.59,NA,7153.43
"DIFDSLQK2",3546.34,6335.97,3273.74,2993.34
"DIISDTSGDFR2",8176.92,10450.5,9478.87,8940.7
"DIIVIGNDITYR2",46846.6,58816.9,60598.4,81101
"DINEC(UniMod:4)ETPGIC(UniMod:4)MNGR2",NA,14259.5,2803.66,NA
"DIPGLTDTTVPR2",5974.16,6935.91,6101.6,6437.07
"DISPEEIDLK2",13197.5,9442.77,4458.95,11978.2
"DITAEATPALAQTLPGGK2",6595.9,7223.53,8144.33,8869.16
"DITEEIMSGAR2",26050,NA,16241.5,31410.3
"DLAGSIIGK2",36526.8,43464.6,31662.1,41112.6
"DLAIIAQK2",2969.19,NA,3299.51,NA
"DLAILQC(UniMod:4)HGELDPMVPVR3",16489.2,13315.8,4465.81,8939.02
"DLASVNNLLK2",21308.4,24505.3,24463,20477.7
"DLASVQALLR2",5059.61,6373.39,6504.92,6546.51
"DLGEELEALK2",10469.7,10290.3,11773.9,13151.5
"DLGIPDGEAALVAK2",NA,4374.78,5389.98,3727
"DLGPVAPAPIK2",16354.1,9548.84,9403.89,10283.2
"DLIGVQNLLK2",8421.93,5782.63,6546.65,7159.73
"DLIVDQTIEK2",NA,4783.98,1628.67,1937.9
"DLLIYDSMPR2",2300.98,3282.58,3727.42,3321.84
"DLLPSHSTIAK2",360793,343919,412389,378441
"DLNLDGIIAEVK2",31731.2,NA,NA,NA
"DLQQYQSQAK2",7286.53,11547.1,10853.6,9274.8
"DLSLEEIQK2",13090.4,15651.1,6212.4,18235.6
"DLSSVQTLLTK2",20745.3,20656.5,20668.2,25467.7
"DLTDYLM(UniMod:35)K2",7380.19,8567.39,NA,5748.15
"DLTGQVPTPPVK2",22815,24537.5,23131.7,24729.6
"DLTGVQNLR2",18612.1,23136.3,15000.1,16592.9
"DLTSQFLK2",15747.8,14277.1,11960.4,15481.8
"DLTTSSVEK2",19869.1,12798.2,21006.2,18813.7
"DLVEWLEK2",33242.1,46694.4,34217.3,42181.9
"DMGTVVLGK2",5811.51,7159.81,12093.8,NA
"DMLEASILDTYLGK2",6443.26,6095.78,6451.65,11823.1
"DMSPLPESEVTLGK2",179256,180123,191760,131441
"DMSPSAETEAPLAK2",42378.2,46702.3,42953.6,23288.1
"DMTLEGDDLILEIE2",80043.3,72547.2,87261.7,79297.4
"DMYDQVLK2",39796,49377.1,43067.8,42897.4
"DNDPDVDLFAGTK2",3211.08,1647.61,1941.17,2591.59
"DNFTLIPEGTNGTEER2",33945,35359.4,29223.9,29764.9
"DNIQGITKPAIR2",12385.5,9536.18,10435.2,7748.63
"DNLAEDIMR2",94043.4,100720,102169,68685.3
"DPDTPILIIK2",9802.05,7633.81,8012.11,7179.24
"DQGAVLLGPVK2",8010.19,3046.41,3218.97,3741.62
"DQLLLGPTYATPK2",5826.16,6075.37,5029.15,4316.43
"DQSDQC(UniMod:4)LR2",153515,165322,176911,150917
"DQVPVVPGSLK2",18380.5,14788.3,15269.7,16766
"DSEADVLVAGEAELEGK2",3854.43,5230.6,NA,5524.72
"DSLTLVFVETK2",3764.33,1418.63,3331.65,NA
"DSPSVWAAVPGK2",2924.7,5084.76,NA,NA
"DSTLIMQLLR2",4792.04,4431.15,2169.54,2738.38
"DSYVGDEAQSK2",4261.87,5656.64,NA,NA
"DTENSPTTSANLK2",2183.49,2292.46,1940.8,2709.47
"DTINTSC(UniMod:4)DIELLAAC(UniMod:4)R2",112392,147000,130262,170607
"DTINTSC(UniMod:4)DIELLAAC(UniMod:4)R3",19189,26138.5,18482,33131.9
"DTPTSAGPNSFNK2",4230.11,7751.22,5681.63,4568.03
"DTSYLFITGPEVVK2",4539.13,9676.86,5583.2,6374.89
"DTTASAVAVGLR2",2799.48,2192.69,1034.61,2158.65
"DVAPPMEEEIVPGNDTTSPK2",126180,112381,125618,97576.2
"DVDAAYM(UniMod:35)SK2",17394.5,26457.8,18846,7836.41
"DVDAAYMNK2",20402.6,10123,3967.06,NA
"DVDDGLK2",24595.5,29470.6,21718.7,32890
"DVDEIEAWISEK2",10504.5,6983.32,12589.7,12374
"DVDETIGWIK2",4899.56,6481.97,6026.28,3300.88
"DVDEVSSLLR2",53464.6,52646.7,52482.1,44750.5
"DVEDEETWIR2",NA,7909.31,5582.17,8049.58
"DVFLGTFLYEYSR2",824850,681642,770199,626251
"DVFSC(UniMod:4)NVGNLQPGAK2",27004.4,19991.6,22121.7,33427.1
"DVLEPTQALAAGAVPILAK2",10787.7,10141.9,8708.17,13204.2
"DVLEPTQALAAGAVPILAK3",1737.19,2327.21,1946.15,2749.94
"DVLQGELEAVK2",6762.01,6762.15,6599.17,5699.02
"DVNAAIATIK2",92877.4,104772,91442.4,91887.1
"DVNVVVVEGGPK2",NA,NA,1621.2,NA
"DVSPIVEIPDAAFIQAAR2",3190.99,NA,NA,NA
"DVTGAEALLER2",42203,37412.2,38205,36628.8
"DVVILPETK2",267237,259267,239214,234688
"DWGVDVFTVPGK2",31458.2,32032.8,36721.8,39987.6
"DWIVVVAGENR2",696999,1375370,NA,NA
"DYPLIPVGK2",6319.5,6392.05,1720.3,NA
"DYQELM(UniMod:35)NTK2",32350.8,45285.9,35154.8,19508.1
"DYQELMNTK2",415371,329596,120561,53772.3
"EAALVQQEEEK2",3207.67,4613.35,3089.44,2775.88
"EAELTPENIAAAR2",5938.36,7283.21,6794.14,7288.39
"EAFQEALAAAGDK2",1249480,1073340,1053010,1101350
"EAGGNMSIQFLGTVYK2",18040,24805.8,27885.9,14628.9
"EAIQQQQNQLVWVSEGK2",3069.75,1435.76,3365.85,4115.93
"EALVEPASESPRPALAR3",4041.33,NA,NA,5224.5
"EAQPLEAEAPGVDLGILPEGR2",3766.46,2447.38,NA,3488.42
"EASFEYLQNEGER2",59790.4,72270,73264.2,78768.1
"EASYSLIR2",14646.9,15657.8,14368.4,9673.06
"EC(UniMod:4)SQPVMVYIPPQAELR2",11854.7,10215.2,12582.9,14335
"EDAANNYAR2",15367.8,24065,17228.1,25698.3
"EDGAISTIVLR2",44155.5,43139.4,39707.4,37861.9
"EDLEPPAQDQEAK2",47899.5,34298.2,41237.8,40990.5
"EDMAALEK2",18914.5,21142.3,18975.5,14682.1
"EDSAYFTGILQK2",4986.6,6098.34,6265.45,6144.28
"EDSQLASMQHK2",6707.72,8783.44,9035.34,9442.2
"EDSQVPATQTLQR2",5898.67,9425.83,7660.06,7446.21
"EDTEEYNLR2",10815.8,10944.3,11280.3,9641.92
"EDVGQPQPGR2",71303.8,69443.4,80725.2,87725
"EDVTYPQPR2",NA,NA,1684.82,NA
"EEAESTLQSFR2",85464,81174,88917.5,83636.6
"EEAFDAIC(UniMod:4)QLIAGK2",5147.66,5346.33,3944.18,6318.12
"EEAISNMVVALK2",204622,189075,251173,171072
"EEEAPFWK2",5489.05,5608.54,1190.76,3204.14
"EEGLGAENLR2",4448.91,6637.75,6706.23,26239.1
"EELAAALQEVR2",7437.3,2395.88,9773.82,5558.05
"EELPVNTSK2",5799.03,4559.44,5712.06,2131.15
"EELYQNLTR2",8715.96,12360.2,9375.72,9156.24
"EEQELYQK2",79448.4,83756.8,97197.5,83652.3
"EEVASTVSSSYR2",7000.1,8723.48,6647.41,4935.84
"EEVQSLR2",NA,NA,813.032,NA
"EFESAIVEAAR2",5209.74,4821,5685.76,4576.3
"EFQEQLESAR2",8013.21,9870.42,13551.9,18855.1
"EFVEAVLELR2",2918.8,2641.45,3046.53,1929.94
"EGIEVGEK2",13579.2,11492.7,12025.2,13093.8
"EGPEAEFQSLTPSQIK2",6132.87,7094.67,1489.52,3012.81
"EGPEGFAR2",585918,684367,714152,777922
"EGVLYVGSK2",9312.85,5245.26,5671.89,3747.67
"EGVMYVGTK2",9863.95,5906.63,6626.24,11983.8
"EGVVAAAEK2",24156.3,23780.6,15150,24169.4
"EGVVGAVEK2",428073,301975,426388,375092
"EIDVLEFGESAPAASK2",3972.78,3996.42,4288.75,4084.7
"EIEAEIQALR2",9187.05,11899.9,12889,9853.12
"EIEIAEQDMSALISLR2",3969.29,4384.34,3664.08,2186.23
"EIGYPVM(UniMod:35)IK2",16417.2,22947.3,19885.5,22306.7
"EIGYPVMIK2",552399,658960,516570,371768
"EIIDLVLDR2",147019,160366,153603,161575
"EIIDPVLDR2",5888.05,5082.86,4548.75,6063.28
"EIINTYTEAVQTVDPFK2",6645.52,8265.06,6568.64,7056.21
"EIQTAVR2",52896.3,60397.5,49446.9,52480.9
"EITALAPSTMK2",15628.9,14515.3,6429.2,11079.3
"EKEMTSAFK2",18152.3,17152,21845.2,22640.1
"ELAFLEATK2",3210.69,4263.73,3589.17,2836.33
"ELDEVDMSDLSPEEQWR2",32240.9,18646.5,32838.4,33391.5
"ELDTLNNEIVDLQR2",5211.4,3672.01,5208.55,8184.22
"ELELLGR2",21359.7,20317.7,16305.1,13277.8
"ELEVLLMC(UniMod:4)NK2",31392,29716.8,36370.1,29654.1
"ELEVQHPAAK2",10217.7,8199.31,9920.36,11779
"ELISNASDALDK2",7084.95,14754.3,8532.59,13859.8
"ELLALDSVDPEGR2",3216.27,2359.21,2183.75,2198.73
"ELLFDAIGR2",3487.21,4082.09,4637.04,4022.32
"ELTPQVISAAR2",14780.1,11469.4,10371.2,10480
"ELVDDSITNVK2",3069.23,NA,876.597,3322.64
"ELWFSDDPNVTK2",5956.58,NA,3232.89,3839.42
"ELYDAGVK2",NA,9905.75,12224,NA
"EMSLYASLASEK2",5617.17,3394.76,5878.88,5334.97
"EMTSAFK2",54102.2,44768.2,49512.4,46119
"ENEALLLR2",9356.8,8549.41,7456.98,8669.79
"ENGMDVFR2",240094,301465,317519,271367
"ENGVDAVHPGYGFLSER3",36990.3,75368.9,38605,40326.6
"ENLLLEEELR2",5282.97,5898.02,7829.79,6923.94
"ENQTAVDVFK2",NA,2503.5,5404.21,4482.56
"ENTQTTIK2",15023.8,12393,11185.9,9960.27
"ENVVQSVTSVAEK2",666299,547203,611137,612823
"EPANIGVTK2",13337.4,13648.2,14997.6,13591.1
"EQADFAIEALAK2",15038,20671.4,21817.1,18886.1
"EQANAVSEAVVSSVNTVANK2",128857,91306.4,102777,145054
"EQANAVSEAVVSSVNTVANK3",357225,281455,285550,368300
"EQDLEGATVVGVPGEEQK2",8198.35,7577.59,6779.28,7124.74
"EQEIAAVQAR2",2403.32,2787.79,NA,1788.08
"EQGFLSFWR2",6598.63,7016.11,6397.83,5414.01
"EQLEMVEMK2",9714.71,11528.4,12883,5033.46
"EQLQALNDR2",5955.31,13181.7,8525.98,13287.6
"EQLQGLNDR2",9700.63,8799.82,11653.5,8963.61
"EQVSQLLPEK2",NA,NA,1967.34,NA
"EQVTNVGGAVVTGVTAVAQK2",8331.1,5006.11,9832.38,10195.4
"EQVTNVGGAVVTGVTAVAQK3",10686.2,8965.26,8907.99,9856.04
"ESAPFAVIGSNTVVEAK2",NA,3357.06,4637.6,3268.18
"ESDGTPGGLASLENER2",4352.52,3043.46,6415.66,6287.71
"ESGEEVEVEEFYVK2",3501.14,4688.96,4375.65,5237.79
"ESILDGLKR2",5792.73,4646.84,7811.85,6528.49
"ESSPLYSPGFSDSTSAAK2",6213.72,7002.47,7849.87,6886.41
"ESTAGDGPSTVSR2",2705.56,1533.49,1491.06,3814.92
"ESTLHLVLR2",3454.53,4802.34,NA,3583.01
"ESVC(UniMod:4)QAALGLILK2",105829,101585,70296.3,119272
"ESYVETELIFALAK2",5647.38,5523.57,8273.32,NA
"ETAPPTETNLGMAK2",148838,70168.6,84885.1,41736.2
"ETEGDVTSVK2",6432.1,6610.19,6185.35,7771.85
"ETELAPAK2",82253.7,74628.1,65994.7,63613
"ETETTLPIK2",208005,161753,158820,145846
"ETLEEVFEK2",9615.49,7650.09,15871.9,9814.83
"ETMQFLNDR2",30693.9,1522.14,NA,NA
"ETNLESLPLVDTHSK2",48945.5,49669.8,50814.1,65875.1
"ETNLESLPLVDTHSK3",207287,201699,202665,220143
"ETPGSQPSEPC(UniMod:4)SGVSR2",99136.6,123893,113046,119769
"ETQIVSLPQEENEVK2",3099.81,4529.49,6186.43,7977.31
"ETVPTLAPK2",6126.63,2170.92,5130.77,NA
"EVAEEAQVAR2",34595.4,42024.3,42963.8,44117.5
"EVATNSELVQSGK2",41361.9,33440.3,15664.8,11604.8
"EVDELSQSFHATQDSAQLK3",7146.46,7085.87,5126.63,6099.61
"EVENLILENTQLLETK2",3042.19,3645.83,4395.47,5779.55
"EVIINTR2",673352,717498,778039,697161
"EVPISLEVSR2",14409.4,12326.4,15159.9,14552.7
"EVTDMNLNVINEGGIDK2",5305.6,6726.87,6252.78,6087.09
"EVWFFGLQYQDTK2",3052.76,3333.49,3505.88,2111.09
"EWAMNVGDAK2",9910.59,15513,10769.6,13778.2
"EYEELC(UniMod:4)PR2",NA,40922.1,8960.07,NA
"EYQDLLNVK2",240739,273316,253226,248447
"EYQELLNVK2",25863.1,34735.5,29989.7,27270
"EYQELMNVK2",34627.5,14024.4,NA,4135.26
"EYQEVMNSK2",3797.46,NA,NA,1759.09
"EYVAAQLGQLPAQLLK2",NA,1828.61,NA,NA
"FADLSEAANR2",24866.2,13665.8,12297.7,9318.82
"FAEAFEAIPR2",25493,27246.8,25867.4,27144.9
"FAEDMGIPQVPVEK2",8846.19,10270.6,6456.36,4540.76
"FAEFDQIM(UniMod:35)K2",9799.54,13230.7,10362.4,9831.28
"FAEFDQIMK2",181710,278591,291935,200063
"FAISELFAK2",6572.17,5323.54,6598.33,6845.46
"FANFIEK2",18212.6,19405.4,12495.5,16403.3
"FAQEAEAAR2",7943.64,10249.6,9755.41,6926.15
"FASFIDK2",305719,292773,139177,99137.8
"FC(UniMod:4)ANTC(UniMod:4)VDC(UniMod:4)R2",5456.62,8894.46,7250.06,7013.67
"FDEILEASDGIMVAR2",6613.54,6944.37,2953.18,3534.83
"FDGALNVDLTEFQTNLVPYPR3",NA,3206.47,2846.41,4698.83
"FDLMYAK2",14033.5,16420.6,18788.4,11678.1
"FDQLLAEEK2",9765.21,10845.5,10611.2,11927.4
"FEEAQNILK2",NA,NA,4187.85,4291.51
"FEEPAPLSYDSR2",7481.31,6848.77,5570.92,7537.21
"FESPEVAER2",7053.99,4781.73,7009.58,6342.86
"FFGDVDIPR2",5138.89,7209.67,5064.69,4567.48
"FFLC(UniMod:4)QVAGDAK2",13044.5,20334.2,17017.8,18050.3
"FFSLSSVDK2",6782.07,8413.26,4844.95,8500.46
"FFWEMAEEEGWIR2",10402.3,4533.05,6029.5,4495.5
"FGALTAEK2",21706.7,26314.8,34618.5,69441.5
"FGANAILGVSLAVC(UniMod:4)K2",17976.3,25032.2,9037.17,14450.1
"FGAYIVDGLR2",39493.5,60643.2,42453.9,59176.2
"FGDLLNIDDTAK2",11309.3,14198.9,15611.6,12417.7
"FGEVVDC(UniMod:4)TIK2",NA,5067.97,NA,4170.51
"FGEVVDC(UniMod:4)TLK2",5743.62,3598.64,5592.42,6855.74
"FGSAIPIPSLPDK2",2824.06,3433.19,3906.68,NA
"FGVEQDVDMVFASFIR2",3355.39,NA,NA,NA
"FGVQSER2",15681.4,13008,12276.1,12520.2
"FIGPSPEVVR2",2639480,2433540,2418570,2886380
"FLEQQNAALR2",18258.4,9494.12,10298.6,11683.4
"FLEQQNK2",198385,129307,116116,109622
"FLEQQNQVLQTK2",1413950,1408490,679760,478361
"FLSDVYPDGFK2",951444,1254310,1103020,1186230
"FLSQPFQVAEVFTGHMGK3",12194.8,10770.5,7297.39,3994.64
"FLYEC(UniMod:4)PWR2",256825,359600,263971,299150
"FNEVVSALK2",324900,331738,327494,332026
"FNVPVSLESK2",2854.07,4696.18,5649.16,2991.16
"FQDNFEFVQWFK2",4164.43,3680.34,NA,NA
"FQTELGNLLVAK2",7880.99,4420.23,6483.7,9034.6
"FQVDPVSENAGR2",2186.98,4977.96,7410.6,4751.29
"FSALLNDC(UniMod:4)IR2",21003.4,23436.5,18695.4,18269.5
"FSEIPQR2",8271.88,5818.64,7804.35,5403.04
"FSSQEAASSFGDDR2",69989,27676.5,34988.3,18668.8
"FSVGFPK2",36049.7,30101.6,33409.9,36984.8
"FTASAGIQVVGDDLTVTNPK2",6462.33,8702.29,5270.16,3783.37
"FTEYETQVK2",12790.3,13093.5,8725.43,11324.1
"FTISLPK2",12872.1,15737,14091,14975.4
"FTLSANVGDLK2",3021.09,3404.98,NA,2135.64
"FTQAGSEVSALLGR2",NA,5573.26,1393.71,6446.47
"FTVDQTQTPSLK2",5861.34,7289.99,6621.23,6274.92
"FVEEIIEETK2",12390.7,10666.7,12481.6,10152.2
"FVEIHFNEK2",9951.59,11065.7,10511.1,14154.6
"FVNLISER2",9155.34,10189.8,9886.58,10776.9
"FVNVVPTFGK2",125830,139007,124733,211077
"FVVMVTPEDLK2",108187,133803,141859,117093
"FYPPDPSQLTEDITR2",16983.3,NA,12986.3,17079.8
"GAALQQTQAPEPR2",8679.17,5291.99,6683.66,6241.07
"GAC(UniMod:4)AGSEDAVK2",9317.45,5827.51,5290.33,4207.93
"GANAVGYTNYPDNVVFK2",803169,881380,809094,830383
"GAPGQPGTILR2",3922.35,NA,863.084,NA
"GAPGSPGPK2",NA,106692,NA,25360.6
"GASQAGMLAPGTR2",12973.4,9417.57,10222,8267.24
"GASQAGMTGYGR2",3724.17,6191.98,3040.34,5440.88
"GC(UniMod:4)DVVVIPAGVPR2",2369.09,1887.03,3051.49,2662.13
"GC(UniMod:4)EVTPDVNISGQK2",10183.9,8535.04,9001.33,6493.96
"GC(UniMod:4)ILTLVER2",2567.6,2561.18,3692.95,NA
"GDAEEMAQR2",7187.85,3835.31,5451.5,1792.1
"GDAGPAGPK2",3947.51,43234.7,2227.18,3146.64
"GDEELDSLIK2",4888.58,4747.06,5253.92,3617.22
"GDFC(UniMod:4)IQVGR2",2388.45,2514.85,1078.93,1835.18
"GDILTLLNSTNK2",3970.04,1453.74,694.079,1724.69
"GDLGIEIPAEK2",8513.91,11061.5,3519.67,6416.92
"GDQGPVGR2",3898.11,96391.5,68046.9,58880.8
"GDSVIVVLR2",58839.5,52413.2,62189.9,57340.3
"GEAGAAGPSGPAGPR2",1853.22,48389.5,48122.6,32136.6
"GEAGPQGAR2",3550.09,74850.7,5400,19142.2
"GEATVSFDDPPSAK2",27505.9,20272.2,25560.2,17867.3
"GEENLMDAQVK2",13262,5205.69,10984.6,2312.01
"GEGVEPQGPEAQR2",20264.2,21908.3,22093.2,26059.1
"GEPGPAGSVGPVGAVGPR2",NA,10625.7,8941.52,11148.5
"GESEDDFWWC(UniMod:4)IDR2",3300.29,3721.79,5104.17,2535.56
"GFAFVQYVNER2",NA,5094.86,2488.26,1653.5
"GFALVGVGSEASSK2",14162.9,14965.5,13528.6,15232.8
"GFGFVDFNSEEDAK2",7241.45,10360.3,8450.68,6133.57
"GFMTNGADIDEC(UniMod:4)K2",NA,12666.2,2090.31,NA
"GFSGLDGAK2",NA,38458,36297.7,42060.5
"GFSSGSAVVSGGSR2",110026,167272,101803,50282.1
"GFSVVADTPELQR2",16097,10131.9,11595.5,12817.8
"GFVYKPDLK2",NA,12292.3,1279.41,NA
"GGDSIGETPTPGASK2",3476.1,3986.86,2890.28,4028.11
"GGGGNFGPGPGSNFR2",5038.91,26994,NA,NA
"GGPTPQEAIQR2",8584.96,8198.85,5907.29,2130.24
"GGSWVVIDPTINPR2",29461.9,30885.4,25303.9,37035.3
"GHTLTLSER2",78544.5,81224,110092,114939
"GIAGLGDVAEVR2",8637.17,7130.74,5465.79,6327.71
"GIAYIEFK2",4398.01,6424.02,7455.32,NA
"GILAADESTGSIAK2",5285.47,5690.17,4970.2,3014.93
"GISQTNLITTVTPEK2",2702.36,4820.59,3921.56,4613.28
"GIVEESVTGVHR2",5996.24,4403.58,3290.08,2112.08
"GLAPEQPVTLR2",14844.8,9591.44,11160.7,12673.4
"GLAPVQAYLHIPDIIK3",3595.03,10674.7,NA,NA
"GLDGFQGPSGPR2",NA,9952.73,13149.7,10032.3
"GLESTTLADK2",NA,5284.27,5714.34,2514.14
"GLFIIDDK2",14558.6,16090.8,11446.9,9506.74
"GLGEISAATEFK2",27580.7,30288,31670.5,28405.8
"GLGTDEDSLIEIIC(UniMod:4)SR2",11348.6,15728.7,11214.5,6339.91
"GLPLYPDPC(UniMod:4)R2",5818.31,4307.59,6582.68,4684.56
"GLSPAQADSQFLENAK2",18679.9,16173,19117.6,20122.3
"GLSSVPEVAEVEPTTK2",4703.22,4241.77,5191.67,5369.21
"GLVYETSVLDPDEGIR2",1949.41,NA,NA,6954.14
"GLYAAFDC(UniMod:4)TATM(UniMod:35)K2",10374.4,12914.3,9241.98,10290.8
"GLYAAFDC(UniMod:4)TATMK2",41585.4,82971.4,85539.3,47005
"GLYDGPVC(UniMod:4)EVSVTPK2",7057.32,6303.45,8679.48,6330.23
"GM(UniMod:35)GGAFVLVLYDEIK2",2382.69,NA,NA,3353.2
"GMGGAFVLVLYDEIKK2",2905.07,4307.57,NA,4030.49
"GMVSLSEIEEALAK2",36873.2,41723.4,17134.3,23331.5
"GNLEVLLFTIQSK2",1818.2,1166.16,1179.76,825.462
"GNTAAYLLYAFTR2",937.844,NA,361.97,NA
"GPAGPQGPR2",5536.7,118373,112179,83763.2
"GPAGPSGPVGK2",8331.91,196069,150777,111540
"GPAVQATK2",37449.7,27551.1,10183.3,7752.1
"GPDPEPTQPGTVK2",56678.9,60436.5,59553.6,66404.4
"GPFTDVVTTNLK2",3594.05,1376.86,1802.68,2928.96
"GPIVPLNVADQK2",5140.02,3068.65,3586.13,2993.27
"GPLAELPSAR2",NA,NA,2857.07,3376.67
"GPLPAAPPTAPER2",21664.1,20553.6,24747.4,20247.4
"GPLPAGTILK2",10792.6,9174.05,10807.4,8848.1
"GPPVSGAEPSR2",6056.32,5640.3,6713.68,4359.8
"GPSGPQGIR2",4067.51,99265.1,94749.2,70074.9
"GPVPAAPAR2",20890.8,22948.8,25601.9,28726.2
"GQC(UniMod:4)VNTPGDFEC(UniMod:4)K2",NA,6058.74,NA,NA
"GQIGAPM(UniMod:35)PGK2",10476.3,12855.3,13501,12344.8
"GQIGAPMPGK2",1239060,1464540,1406360,1083720
"GQILMPNIGYGSNK2",5759.98,8238.27,10948.8,6720.52
"GQIMDAVIR2",39637,32597,30886.2,31016.5
"GQLEQITGK2",21742.9,26794.7,29744.4,25138.2
"GQVGGDVNVEM(UniMod:35)DAAPGVDLSR2",3930,NA,NA,2333.46
"GQVGGDVNVEMDAAPGVDLSR2",6022.85,NA,4616.9,NA
"GSALDPEPQVK2",NA,2270.04,NA,10447.8
"GSEGPQGVR2",10524.4,207768,169920,115379
"GSGIFDESTPVQTR2",3621.89,4542.22,NA,3329.41
"GSPLVVISQGK2",21286.7,37599.3,45426.1,41618.3
"GSPSTVSSSYK2",4045.54,5655.4,6373.54,4963.34
"GSTDNLMDDIER2",25387.9,18438.1,23512,16489
"GSTGPAGIR2",4024.08,87036.7,62025.1,44253.4
"GSVLEPEGTVEIK2",131542,171172,127240,146698
"GSVSEDELIAAIK2",1695.15,2291.72,4665.86,2707.73
"GSYGDLGGPIITTQVTIPK2",5937.31,5278.62,4703.97,7029.1
"GTAGVVPVVPGEVEVVK2",1117.03,NA,NA,1601.57
"GTC(UniMod:4)WQTVIDGR2",NA,34740.5,6218.15,2917.98
"GTEFSFK2",12288,15021,10353.5,NA
"GTEQAGFDK2",4189.45,5203.34,6443.24,10253.1
"GTFVDYQTTVVK2",3767.17,3975.35,3103.02,3477.48
"GTGASGSFK2",111958,353320,244754,308934
"GTGIVSAPVPK2",4292.54,NA,4668.95,2008.59
"GTIEILSDVQLIK2",5705.74,7895.66,3559.08,5086.27
"GTLVQTK2",185447,362255,292747,293907
"GTNEALLR2",15035,13820.3,16244.4,14546
"GTNESLER2",93750.8,89308.9,89998,86638.3
"GTPLDTEVPLER2",3350960,2972200,2918400,3117250
"GTPSQSPVVGR2",23109.6,17848.9,23751.4,19668.4
"GTQC(UniMod:4)EDINEC(UniMod:4)EVFPGVC(UniMod:4)K2",NA,33983.8,9933.27,3010.68
"GTVQTEEKPR2",24400.2,15362.4,22303.6,19824.9
"GTVQTEEKPR3",35593.1,20227.1,28326.1,28469.9
"GTVTDFPGFDGR2",2890.06,3483.95,3236.95,NA
"GVDEVTIVNILTNR2",18518.2,17037.8,10667.5,24156.4
"GVEGLIDIENPNR2",8986.77,6979.99,6061.93,5267.23
"GVEQQDGAVPEK2",7487.22,10426.8,7496.27,9220.72
"GVGASGSFR2",498044,698371,808635,762371
"GVGQADWTPDLGLR2",2088.18,7604.29,2157.17,3752.42
"GVIDMGNSLIER2",12048.7,21243.1,18764.1,13056.9
"GVINDILDWK2",8994.27,9085.79,3482.89,12446
"GVNLPGAAVDLPAVSEK2",849.959,6288.47,1057.73,2786.63
"GVPTVVISQGR2",3122.17,2325.44,2748.73,NA
"GVQAGNSDTEGGQPGR2",1253.76,NA,1521.64,743.586
"GVTASSSSPASAPK2",15745.1,20915.4,27797.7,26086
"GVTDTLAQIR2",9144.19,6790.16,8349.92,8432.72
"GVTEAIQNFSFR2",3025.77,4090.54,3483.37,5203.25
"GVTFNVTTVDTK2",NA,3930.8,4792.86,5814.6
"GVVDSEDIPLNLSR2",7702.03,9065.46,8093.34,8312.06
"GVVGPQGAR2",6475.5,107046,80366.6,66278.2
"GVVPEDAVETLAGSLGTR3",6291.68,6675.03,4634.79,8041.94
"GVVTNGLDVSPAEEK2",4778.24,2389.34,4652.47,1872.24
"GYAFIEFASFEDAK2",3236.23,8954.12,3672.02,5558.12
"GYSLPEPIPLLNAK2",28333.4,29296.4,22256.3,25129.4
"HAPLVEFEEEESDK2",10972.5,24605.3,27108.2,29074.9
"HAPLVEFEEEESDK3",25713.4,21815.5,31233.4,29936.6
"HIEIQVLGDK2",209998,192791,222746,264617
"HSGNITFDEIVNIAR3",8626.37,6699.99,7859.36,7634.62
"HSQFIGYPITLYLEK3",23408.8,21739.1,22470.2,20632.6
"IAEEFEVELER2",364801,299740,512995,345146
"IAGEASR2",29091.1,21092.9,NA,NA
"IAIAVLEETTR2",4209.49,6986.87,6023.19,4921.87
"IAIYELLFK2",4665.69,6187.57,5580.18,5081.78
"IALTDNSLIAR2",17279.4,7347.07,7537.33,13700.7
"IANLQTDLSDGLR2",2645.79,1719.13,NA,1910.13
"IANPVEGSTDR2",2458.61,3074.8,4521.91,3928.91
"IAPYVAHNFNK2",41221.3,17880.1,36524.1,11503.6
"IAPYVAHNFNK3",14971.2,8034.15,13028.8,4953.35
"IAQDAFDDVVK2",4914.93,3142.2,2061.5,5221.61
"IAQLEEQLDNETK2",5359.46,11518.2,10303.2,11213.4
"IAQNESELISDEAQGDMALR2",123347,127703,128385,146330
"IAQNESELISDEAQGDMALR3",15739.7,9290.74,21503.3,14162.2
"IAVQPGTLGPQGR2",NA,10652.4,14677.3,13564.3
"IAVYSC(UniMod:4)PFDGMITETK2",13225.6,12379.9,8512.34,11189.9
"IAWDDEETR2",63111.2,26330.7,28286,15761.9
"IAWDDEETRDGFR3",19611.8,23123.2,28726.5,46108.8
"IC(UniMod:4)C(UniMod:4)DLEVLASK2",4451.88,3539.11,2469.87,4261.9
"IC(UniMod:4)EGVGPVNISVSSSR2",3981.55,NA,NA,NA
"IDEPLEGSEDR2",11594,16907.4,12210.2,14252.8
"IDGAVISESTPIAETIK2",16989.3,29584.3,26106.5,26025.3
"IDIIPNPQER2",6696.27,5037.6,6278.65,9684.88
"IDLDELMKK2",42670.9,8453.18,NA,NA
"IDTGWLDR2",263286,285128,286279,285249
"IDTIEIITDR2",85208.1,90026.6,80228.7,88949.9
"IEEVPELPLVVEDK2",5454.58,2654.68,4889.25,4627.77
"IEFAVAEGAK2",NA,NA,1782.44,NA
"IEFGVDVTTK2",22692.5,NA,13997.7,23704
"IEGRPGASLPPLNLK3",423065,413891,296074,393036
"IEIESFFEGEDFSETLTR2",4697.16,NA,4545.99,4075.58
"IELLIDAAR2",15514.1,18575.2,19806.2,19748.2
"IEQELTAAK2",5836.11,6720.58,3430.39,5131.33
"IESLMDEIEFLK2",3024.91,NA,2812.15,1065.65
"IETIEVMEDR2",52861.8,43563.6,52591.4,36405.3
"IEVIEIMTDR2",107345,118321,104096,95943.7
"IEVLEEELR2",22759.3,15269.3,5009.36,3447.87
"IFLTEQPLEGLEK2",14202.2,12408.7,12051.8,14552.8
"IFVGGIK2",30329.9,20594.1,16464.1,23118.1
"IFVGGLNPEATEEK2",7663.78,6009.76,4306.67,4542.37
"IFVGGLSPDTPEEK2",6072.91,4119.07,5210.39,4629
"IGDFGLATVK2",3169.77,NA,NA,NA
"IGDTSVSYK2",1918.59,NA,2149.58,NA
"IGGIGTVPVGR2",35321.8,27573,26599.4,33038.8
"IGLAEEIR2",167727,183685,199295,206630
"IGSTENLK2",24999.8,28418.7,16990.9,20071.5
"IGYPVMIK2",227658,173246,158169,187392
"IIALDGDTK2",6907.78,NA,8833.11,NA
"IIDVVYNASNNELVR2",4349.83,2601.86,1615.26,5223.68
"IIEEAPAPGINPEVR2",1108800,951229,1057020,1150540
"IIEEAPAPGINPEVR3",16082.4,11416.5,19117,24784.3
"IIEFVPTK2",101407,99540,104497,102774
"IIGLDQVAGMSETALPGAFK2",6412.45,7694.9,2521.45,3856.15
"IIIPEIQK2",NA,222257,NA,207829
"IILDLISESPIK2",32451.2,31349.2,24110.1,33576.6
"IINEPTAAAIAYGLDK2",3763.01,6214.18,2375.16,NA
"IIQQAGQVWFPDSAFK2",15469.3,17012.6,17064.6,18622.5
"IISIFSGTEK2",9582.99,10091.8,8284.85,NA
"IISSVIMTEDIK2",3446.95,2186.67,2832.47,NA
"IISVNSVDLR2",5561.29,3774.34,6136.31,4195.22
"IITEGASILR2",5166.85,4214.33,2341.39,6314.69
"IITGGAAAQDGR2",3383.36,6020.27,NA,4967.53
"ILADLEEENR2",13244.9,13572.3,9533.94,12798
"ILADPLDQMK2",23867.5,21068.2,16998.8,15875.2
"ILATPPQEDAPSVDIANIR2",9085.83,6751.07,9437.05,10503.1
"ILDELTLC(UniMod:4)K2",65219,NA,NA,NA
"ILDILGETC(UniMod:4)K2",3173.47,5875.04,4525.1,5221.7
"ILFIFIDSDHTDNQR3",10646.7,9196.28,8551.58,9286.68
"ILGADTSVDLEETGR2",5047.39,4923.94,4479.6,4842.27
"ILLAELEQLK2",137477,111225,102146,146053
"ILNVPQDLYEK2",160960,170054,220237,226769
"ILPEQGLMLTGSADK2",5146.71,4515.65,3554.5,4301.81
"ILTFDQLALESPK2",5906.38,6422.2,3884.05,7677.4
"ILVDQVTGVSR2",3642.78,3521.18,3044.8,5941.9
"IMGIPEDEQMGLLR2",9909.59,10951,9386.09,6755.18
"IMNVIGEPIDER2",10981.6,10551.5,9876.1,8820.93
"IMSIPNLR2",6498.65,5003.84,NA,NA
"IMVANIEEVLQR2",17125.5,8844.6,13676.5,11958.3
"INEILSNALK2",19057.3,21499.4,19031.4,24436.6
"INGC(UniMod:4)AIQC(UniMod:4)R2",242544,337972,334010,315506
"INQLYEQAK2",7648.08,9290.85,12103.6,7201.75
"INQTVEILK2",4161.12,4278.28,6071.28,4538.21
"INTQWLLTSGTTEANAWK3",1596790,2106490,1681260,1521200
"IPAPVEK2",20184.9,23162,19720.2,21076.1
"IPAVELVTPGAQETEK2",56134.1,65444.4,79923.5,82878
"IPAVELVTPGAQETEK3",7616.59,6813.87,13912.3,7500.28
"IPDLAPPASDSTVTK2",2278.05,3620.14,NA,1649.25
"IPEMVVPDVR2",78142.3,64972.1,82568.2,65772.2
"IPLNVEK2",37326.4,24543.3,35717.5,31512.4
"IPLSQEEIPLQGHAFEAR3",92634.5,88621.4,38888.2,60624.2
"IPPENAVDEILTAR2",3233.07,NA,NA,NA
"IPTISTQLK2",7803.45,9717.55,9186.66,11552.6
"IPVGPETLGR2",8323.93,5429.12,5567.28,7062.59
"IPVTLNMK2",NA,NA,NA,9923.79
"IQALEAELR2",1630.32,NA,NA,NA
"IQASSMAFK2",19946.8,8898.81,13909.1,4549.37
"IQEEMEK2",35505.7,25085.8,33948,22095.8
"IQEEMEKER2",16919,13612.8,21972.8,18850.7
"IQEEMEKER3",28498.9,12951.7,16559.1,18789.5
"IQEVAAQSGFIR2",2083.6,2868.53,2695.74,2906.82
"IQIAPDSGGLPER2",4836.36,3726.54,4729.05,4813.18
"IQLVAVNYIPEVR2",7217.21,7494.73,5748.21,8521.96
"IQVAQLLSTTESPASS2",5976.96,4236.22,3030.03,3867.89
"IQWVGDPR2",21895,27574,13537.5,21634.9
"ISEQFTAMFR2",7955.85,4755.91,4991.72,5183.03
"ISGLIYEETR2",69377.1,66593.7,56610.9,57319.4
"ISLPLPTFSSLNLR2",6370,8691.15,5688.28,4318.39
"ISPDLC(UniMod:4)GR2",NA,149676,20311.6,10234.8
"ISVGSDADLVIWDPDSVK2",11766.4,16731,22844,21017.6
"ITALDEFATK2",11978.5,16074.1,15603.1,17641.6
"ITDIIGKEEGLGAENLR3",9916.03,16948,9039.57,17533.6
"ITESVTETAQTIK2",NA,2779.43,1166.36,7444.57
"ITFLVAQER2",6754.64,6926.56,5687.97,7537.09
"ITLPVDFVTADK2",1593.03,9218,3203.1,4715.96
"ITSEGGDGATK2",18152,19299.8,11814,17361.9
"ITSFPESESYSYETSTK2",16930.1,13986.5,12864.1,10820
"ITSLEVENQNLR2",9338.17,9582.66,8098.31,9760.02
"IVAELQDK2",19230.3,15908.8,25472.6,19052.2
"IVAPPGGR2",40129.1,26522.9,30677.1,33143.8
"IVEANPLLEAFGNAK2",312804,292522,266962,364055
"IVEANPLLEAFGNAK3",6900.93,6290.52,6935.28,7548.98
"IVGDLAQFMVQNGLSR2",157148,188620,88077.2,97873.3
"IVLEDGTLHVTEGSGR3",20629.3,19962.9,22934.7,19402.8
"IVLQIDNAR2",2504.19,6466.57,NA,NA
"IVPNILLEQGK2",3661.11,5421.25,4879.61,6600.65
"IVSAQSLAEDDVE2",14710.7,15146.3,14581.6,9552.33
"IWDLADPEGK2",3340.32,5920.42,3339.78,3379.79
"IYDALDITLIER2",2374.58,NA,2875.44,NA
"IYSSDTIK2",139466,154618,187494,183231
"IYVAANSGAR2",41244.5,46032.7,62081.4,60005.6
"IYVDDGLISLQVK2",3481.7,4167.42,NA,NA
"KDVDAAYMSK2",96728.6,72144.8,21244.5,21909.7
"KEDLVFIFWAPENAPLK3",28281.6,24861,17593.3,20014.8
"KETEGDVTSVK2",7984.35,5649.55,9364.13,11336.2
"KPLVIIAEDVDGEALSTLVLNR3",1512.2,4530.72,1355.95,1727.21
"KSPEYVK2",7447.8,7643.11,13629.2,6416.83
"KYEDEINK2",28128.1,18439.2,15056.2,11778.9
"LAAAEGSEPK2",12165.7,10871.1,10928.3,12875.2
"LAADDFR2",434984,658440,336162,224112
"LAAEDATNEK2",4850.78,2840.27,3565.42,6667.24
"LAAEDVTFIGPDTHAIQAMGDK3",110964,127312,104411,63936.7
"LAAELNK2",672730,759520,809906,795345
"LAALADQWQFLVQK2",4886.87,6609.45,3565.11,4028.92
"LADYYPINSDFK2",15434.9,12147.1,10776.7,7414.93
"LAELEGALQK2",21860.6,NA,NA,NA
"LAEPSQLLK2",11465.1,1078.91,NA,NA
"LALDIEIATYR2",85852.2,131486,63718.2,35613.9
"LALDVEIATYR2",30096.3,43122,31008.6,12392.7
"LAPVQVLEYGEAIAK2",21972,22173.5,17310.6,21511.8
"LAQAAQSSVATITR2",2972.56,2288.31,2065.14,1563.56
"LASYLDK2",963876,830058,388992,269679
"LATNAAVTVLR2",17498.6,18283.2,18581.9,20821.5
"LATTVSAPDLK2",210218,223405,193001,230281
"LATVVNDER2",17043.3,12514.7,21479.1,16240.1
"LAVEALSSLDGDLSGR2",6799.82,10190.3,9901.28,2676.45
"LAVNMVPFPR2",4940.26,6717.69,3860.84,3843.45
"LC(UniMod:4)AGASEDIR2",77618.9,138640,134634,92477.5
"LC(UniMod:4)VPAMNVNDSVTK2",24239.2,5601.96,33214.1,32574
"LC(UniMod:4)YVALDFEQEMATAASSSSLEK3",34434.1,63944.5,22234.8,41429.6
"LDAEVPTR2",6365.3,4401.49,2487.18,NA
"LDALQTFIR2",NA,2667.36,1955.64,NA
"LDDLALLEDLEK2",3340.47,2314.26,1759.93,3809.6
"LDFPAMK2",20571.6,18359.3,19876.4,15007.4
"LDFSMAEALNQEFLATR2",7740.55,10314.5,5379.56,NA
"LDGAPGQAVGEVVAR2",4553.88,2368.32,3037.84,3065.37
"LDIDSAPITAR2",3040.66,3054.46,4722.25,4362.75
"LDILDQER2",23818,29299.9,25692.9,19084
"LDLDLTSDSQPPVFK2",6037.74,5078.3,5949.09,6392.1
"LDNLVAIFDINR2",5235.38,3642.54,3619.94,4801.13
"LDPSIFESLQK2",4528.12,4792.5,6365.47,3274.69
"LDPTQTSFLK2",4590.27,6244.77,6744.53,5879.89
"LEAAATALATK2",5093.75,1132.52,2874.62,1415.96
"LEAIAGQLK2",43254.2,34827.8,39391.6,43892.3
"LEAIITPPPAK2",10976.4,8310.12,8359.44,9564.43
"LEC(UniMod:4)VEPNC(UniMod:4)R2",4424.16,9780.61,5182.9,11509.2
"LEDVLPLAFTR2",51405.3,37871.6,47771.1,59723.5
"LEEAILGSIGAR2",3630.1,6842.53,5070.69,6736.62
"LEEDQIIMEDQNC(UniMod:4)K2",4558.46,3325.7,4094.66,2533.04
"LEEGPPVTTVLTR2",7091.89,7507.76,6697.69,8163.92
"LEEQVLTISSEIPK2",NA,1953.15,2532.75,3060.01
"LEFEDGSVLK2",5088.03,5771.54,2880.36,NA
"LEGLEDALQK2",109319,58394.2,13512.4,7390.03
"LEGQMGEDGNSIK2",8331.3,9846.76,9870.21,6628.4
"LELDDPSK2",9081.81,13723.7,10954,13216.1
"LELQGSNSR2",9572.09,10425.7,7756.13,12302.6
"LEMYVLNPVK2",7991.47,9222.7,8634.11,10304.6
"LENEIQTYR2",70263.6,243670,116130,100978
"LEPENPPPYEEAMSVALK2",7585.51,4783.53,19087.9,12013.5
"LEQETQQPLR2",6085.02,8429.86,8876.15,3635.58
"LETC(UniMod:4)FLK2",NA,116578,13468.9,7328.42
"LETLTASQAK2",4223.02,5185.15,7950.76,6437.14
"LEVGTETIIDK2",11399.8,16605.7,12555.9,16017.3
"LFEAVEEGR2",4236.94,2568.22,3953.32,3370.76
"LFEYILLYK2",14533.8,10181.6,9969.68,6667.22
"LFIGGLSFETTDDSLR2",6395.95,7316.06,7217.04,5419.5
"LFIGGLSFETTDESLR2",20101,29203.2,22587.4,20795.4
"LFIGGLSFETTEESLR2",20006.8,41635.4,19612.5,20159.1
"LFLQGPK2",1027250,931374,958614,1191050
"LFVTNDAATILR2",26313,27888.4,21713,26761.7
"LGAPLSGLQGLPEC(UniMod:4)TR2",5991.31,4495.29,4510.96,5847.78
"LGDLYEEEMR2",78505.8,91588.2,102786,81824
"LGEAAVR2",260092,154621,251396,268854
"LGESQTLQQFSR2",10152.6,25321.3,9399.87,NA
"LGFTQGDVGLAMGK2",NA,NA,793.87,NA
"LGGIPVGVVAVETR2",75638.1,72623.6,67243.8,100865
"LGLSTLGELK2",3636.47,3928.46,5828.12,5891.93
"LGNELPLAVASTADLVR2",9418.57,6510.75,4744.25,8044.78
"LGTLQEEER2",2644.86,2076.17,4185.58,3256.04
"LGTPELSPTER2",79829.4,94486.5,96992.6,91170.6
"LHLSSPDNFR2",13517.8,15362.8,18026.4,20494.9
"LHTQDQFSPFSFSSGR3",24136.1,19238.7,19520.5,16447.1
"LIDAAGTLGTDELR2",7729.36,9092.3,2159.65,11172.2
"LIETYFSK2",5544.16,5223.88,3644.74,NA
"LINQPLPDLK2",11162.2,12085.4,14121,13579.6
"LINSLYPEGQAPVK2",46060.9,48595.7,41699,49211.4
"LINSLYPEGQAPVKK2",6831.27,6642.56,8874.2,9094.51
"LINSLYPEGQAPVKK3",17115.1,13482.8,20589.7,23483.5
"LIQDVWGIEGPIDAAFTR2",8662.46,NA,4254.64,5610.49
"LIQEQHPEEELIK3",NA,NA,2340.65,NA
"LITEDVQGK2",11554.2,7084.53,14453.1,9487.08
"LIVENLSSR2",11066.6,16261.5,11065.3,13615.6
"LIVPSEFKPTSPNR3",16033.4,10137.5,8558.28,12035.1
"LKEGAVPTIFESFSK2",4645.51,8971.09,7830.32,4535.66
"LLAETVAPAVR2",5322.36,4518.44,5765.83,4767.52
"LLDLQSR2",19346,11159.4,11005.4,14429.1
"LLEAIGSLSGK2",NA,NA,1971.19,5350.21
"LLEAQIATGGIIDPK2",3312.09,NA,NA,NA
"LLEASTQFQK2",3321.8,3569.58,NA,NA
"LLEDVEVATEPTGSR2",6525.45,6571.09,6838.24,9144.95
"LLEETQAELLK2",9560.03,8211.36,9672.11,10282.6
"LLEGEEC(UniMod:4)R2",225425,235126,140648,103656
"LLEGEEER2",3277.7,3941.55,5321.69,4245.01
"LLEGEESR2",169747,145485,139362,130223
"LLETESFQLNR2",234404,264883,247632,253756
"LLGSGSPSSSAR2",13173.3,18866.3,12324.4,15740.9
"LLIDEAIQK2",14714.9,13458.2,13408,15781.1
"LLLEDLVK2",85463.4,87534.6,91016.9,94598.4
"LLLIGDSGVGK2",4295.82,5186.21,3900.44,1633.6
"LLLPGELAK2",246063,242260,188841,NA
"LLNDEDPVVVTK2",11369.6,7669.24,5426.09,4829.02
"LLQDSVDFSLADAINTEFK2",19204.9,22098.5,12517.8,15983.2
"LLQIGNELR2",103876,97307.9,58942.8,27237
"LLQPDLQPVSASQLYPR2",7171,7399.35,8533.73,6624.13
"LLQVAVEDR2",12742.2,11643.9,11411,15752.9
"LLSEEVFDFSSGQITQVK2",1042.34,NA,760.25,NA
"LLTLEEAQAR2",36722.5,46232.2,NA,47751.1
"LLVDVDESTLSPEEQK2",6695.85,11873.8,11600.3,12100
"LLVSSEDYGR2",14512.9,9586.77,7562.22,7130.53
"LLVVDPETDER2",12556.9,13676.1,7828.07,6807.64
"LLVVYPWTQR2",8123.92,3265.33,NA,2020.84
"LMELQEAVR2",8749.95,13647.2,12730.2,11017.4
"LMPGPELEEK2",3935.06,6642.58,5376.3,5838.1
"LNDSILQATEQR2",6797.09,NA,1324.36,NA
"LNEQASEEILK2",NA,5267.61,4299.98,NA
"LNGTITSPGWPK2",1095.07,757.629,NA,1445.32
"LNINAAK2",13560.7,16778.5,16516.5,19261.7
"LNIPVSQVNPR2",1939.42,1886.65,2663.38,NA
"LNIQSLAPVK2",23657.2,15098.4,24516.9,29136.7
"LNVAEVTQSEIAQK2",2624.98,NA,NA,3573.8
"LNVAPVSDIIEIK2",2520.63,2476.35,1836.94,2706.52
"LNVEVDAAPPVDLNK2",6704.69,NA,NA,NA
"LNVEVDAAPTVDLNR2",3291.79,NA,NA,NA
"LPDLSLVENK2",5474.42,3261.88,6006.27,4567
"LPELFETSK2",9982.9,13213.6,13974,8279.23
"LPELLLK2",167189,179029,195603,190226
"LPEMQVSQVPEVQLPK2",12818.1,9289.11,14019.8,11487.9
"LPEMQVSQVPEVQLPK3",24957.1,17162.9,20900.2,20156
"LPEVQLPK2",297463,286807,308943,287264
"LPFPIIDDK2",19670.2,18740.6,24334.2,18282.7
"LPGGNEIGMVAWK2",16368.9,22903.2,13748.9,14648.6
"LPLQDVYK2",20591.2,20353.6,19766.1,17163.7
"LPPAQQDEIIDR2",21806.8,17038.5,13001,17983.5
"LPPDAALLSSK2",6380.85,2931.85,5690.9,9025.03
"LPQEMSGFQK2",8370.72,7065.76,6560.68,6146.99
"LPSAEVGVPQVSVPK2",43226.5,43317.3,50420.4,43641.4
"LPSVGFSETAVPGSTR2",18636,19296.6,19771.5,19826.6
"LQAEISQAAR2",7835.17,7334.79,6370.68,5727.22
"LQAENLQLR2",9666.28,8137.61,9479.83,1805.46
"LQDEIQNMK2",11733,24775.1,34120,78100.5
"LQEEMLQR2",NA,NA,11532.1,33869.6
"LQELQEAADELDLK2",7527.88,3648.83,6456,7809.35
"LQEMESAVK2",3830.53,10259.3,6643.02,4798.19
"LQESLPILQQPTEK2",12295.2,10580.8,8851.39,9880.59
"LQFLELQK2",3191.27,5612.8,7131.33,7146.8
"LQQAVMLGALTEVPVPTR2",1485.13,4400.91,3410.01,NA
"LQQFFNER2",171048,265529,255029,262874
"LQTAPVPMPDLK2",20323.8,25650,28178.2,23427
"LQVEHPVTEMITGTDLVEWQLR3",3137.48,7399.99,2412.5,2215.25
"LRSEIDNVK2",121267,135274,60810.9,55805.9
"LSEIDVSTEGVK2",8999.2,12616.4,9104.01,14154.2
"LSESQLSFR2",12029.2,13170.5,9101.1,11018
"LSFIC(UniMod:4)TEVDC(UniMod:4)K2",8564.87,8671.92,9060.28,7321.68
"LSFISVGNK2",208584,183730,205524,180888
"LSILYPATTGR2",11490.7,13601.4,11879.4,11956.3
"LSLTPTDVK2",7476.72,4177.75,5258.82,NA
"LSPSPTSQR2",3708.26,3639.64,NA,2631.51
"LSQYQEPIHLPGVR3",177061,239831,105387,186027
"LSTC(UniMod:4)DLC(UniMod:4)EIAR2",4595.98,5571.07,4499.44,6459.93
"LSTEPSPEFSNYSEIAK2",11196,NA,16676.8,12726.3
"LSTPLVAVGNAK2",2414.46,1578.74,2825.83,1361.26
"LSVDYGK2",26554.3,28363.6,20950.2,24385.1
"LSVEADINGLR2",19171.9,28155.3,15218.6,7196.19
"LSVFQTINK2",6450.84,3929.96,6868.05,2904.16
"LTDPIPTTETSIAPR2",4111.74,2682.63,2327.66,3685.62
"LTEPQLGLGSQR2",10140.3,10129.4,11103.6,9396.93
"LTFLVAQK2",19816.9,28794.5,29273.4,25197.8
"LTLEDQATFIK2",6630.15,12020.7,11633.1,11782.1
"LTPEEEEILNK2",3585.84,5790.82,3826.18,6635.78
"LTSDSVK2",407395,370146,349965,379557
"LTTLELLEVR2",NA,3065.04,2109.95,3659.13
"LTVVDTPGYGDAINC(UniMod:4)R2",6250.14,7117.62,5983.08,4715.55
"LVAIVDVIDQNR2",10194.6,15141.5,12572.2,11665.5
"LVDSLSQR2",11811.7,19872.1,15698.1,17945.5
"LVGILDILDEENR2",41653.4,48975.7,31320.8,38566.3
"LVIITAGAR2",4906.36,4531.56,NA,4083.6
"LVIPASQC(UniMod:4)GSLIGK2",1893.07,NA,1638.87,NA
"LVIYEGGTSR2",4203.63,NA,NA,NA
"LVLC(UniMod:4)EVFK2",10257.9,11974.9,12050.9,7503.71
"LVLEVAQHLGESTVR3",4204.87,3744.65,4627.22,4514.82
"LVLVGDGGTGK2",7241.71,5417.65,4917.99,4922.52
"LVPEAAEITASVK2",5355.69,5534.89,3517.25,5424.21
"LVPELDTVVPLESSK2",4393.1,5444.92,3837.78,3967.19
"LVPGGGATEIELAK2",2615.53,964.549,9867.36,19400.2
"LVPVGYGIR2",9156.66,6532.89,7679.69,8943.25
"LVQAFQFTDK2",19813.4,18923,10705.3,14656.6
"LVSAAASPSLIR2",2357.69,3147.03,4861,4902.2
"LVTADIITVENK2",4248.93,4950.49,4374.39,NA
"LVTTGVLK2",510095,582704,446227,650135
"LVTYGSDR2",798296,932631,1031160,896017
"LVVPASQC(UniMod:4)GSLIGK2",11447.6,8322.95,9264.94,8545.33
"LVVPATQC(UniMod:4)GSLIGK2",11002,6090.4,7126.65,6505.44
"LVVQIDNAK2",16349.6,NA,NA,NA
"LVVWASDR2",489705,538828,553308,590444
"LVWVPSSK2",16780,13864.3,10891.6,15178.9
"LWTLVSEQTR2",8552.19,8295.69,9880.53,9669.47
"LYTLVLTDPDAPSR2",63652.2,71065.3,67069,60448.7
"M(UniMod:35)ADEAVC(UniMod:4)VGPAPTSK2",3587.49,7236.12,8928.55,11149.2
"M(UniMod:35)DLAPPEDVLLTK2",5067.64,9621.29,9414.17,6089.74
"M(UniMod:35)EDALDNYVIR2",7926.91,13696.9,9608.33,9159.18
"MAAAAPPPR2",17825.6,16729.6,17039.5,14079.5
"MAAADSVQQR2",6170.74,7239.29,5857.43,5063.2
"MAALEVYVR2",12851,18970.3,21523.5,11507.7
"MADEAVC(UniMod:4)VGPAPTSK2",260736,113600,122967,45016.7
"MALDIEIAAYR2",11536.8,8289.77,9052.2,8266.05
"MALDIEIATYR2",28329.4,25354.1,29111.5,18864.3
"MAVPISVSNPDLLR2",3953.22,5199.45,4958.95,4198.01
"MAVTFIGNSTAIQELFK2",6928.62,8393.89,6792.85,6292.8
"MDAILTEAIK2",43853.2,41875.2,54362.5,31431.1
"MDASTGDAIK2",8104.44,9082.09,13072,5572.81
"MDENQFVAVTSTNAAK2",40412,34451.7,42763.7,23436.7
"MDENQFVAVTSTNAAK3",5432.82,6401.65,7060.72,4302.15
"MDETDASSAVK2",9464.94,10108.1,10650.2,4848.08
"MDLAPPEDVLLTK2",244858,205717,255288,206766
"MEDALDNYVIR2",542577,620467,573226,462310
"METETSAPGEQPK2",10419.5,9530.32,10660.5,4094.67
"MFASFPTTK2",9173,NA,2571.4,NA
"MFGGSGTSSR2",23167.9,19683.7,18807.8,15403.5
"MGANSLER2",8782.39,14076.4,15437.4,12179.6
"MGGMVSFR2",11764.2,14096,14377.6,9256.67
"MGVQSVAVYSEADR2",218744,236224,244294,177458
"MKNFFSTK2",NA,2286.15,1537.12,NA
"MLSPEQLTIFR2",9606.01,10268.9,8701.52,9900.68
"MPELLNK2",35593.9,32371.2,31574.2,28839.1
"MPEMAVPDVR2",40221,35454.3,39761.4,26204.7
"MPEMTMPDIR2",21931.8,20491.5,34029.2,10275
"MPSFGLSR2",NA,13445.1,10045.7,13387.3
"MQC(UniMod:4)C(UniMod:4)C(UniMod:4)DLGR2",NA,15573.7,NA,NA
"MQLDNPSK2",120734,137402,153493,103286
"MSISEGTVSDK2",5944.77,5400.44,7484.75,5680.38
"MSQSIIVSGESGAGK2",33371.1,27937.9,36000.1,13830.5
"MSVIWDK2",24813.5,26415.6,25072.2,19721.5
"MTGLVDEAIDTK2",10333,9105.55,13274.3,9512.05
"MVIPQQPPLTATK2",2771.44,7606.24,2574.8,NA
"MVPTGMGASLER2",9566.31,10628.5,9715.94,7560.49
"NAALEQENGLLR2",8620.93,6696.97,9128.76,11858.7
"NAHSATTWSGQYVGGAEAR2",1128560,1208750,1312210,836646
"NAHSATTWSGQYVGGAEAR3",3958430,2249960,2790250,2511310
"NAPTPQEFK2",12421.9,11764.5,12136.7,12706.5
"NASTFEEVVQVPSAYQK2",14073,14671.2,8520.33,11655.1
"NC(UniMod:4)EDMDEC(UniMod:4)SIR2",NA,13526.5,2819.33,634.343
"NDFAVESYESK2",4832.54,4421.58,3037.24,1395.95
"NDLAVVDVR2",16490.2,13933.7,10254.5,18389.8
"NDPFTSDPFTK2",4792.1,4403.85,5651.77,3982.02
"NEDLEEIASTDLK2",6604.28,6499.98,8998.28,5448.89
"NELGDATAIVR2",9211.55,6263.12,9430.54,7806.73
"NFINNPLAQADWAAK2",4004.08,5378.16,5815.24,2898.31
"NFPQAANGSAK2",21038.3,21398.3,18611.9,22520.8
"NFYFLEMNTR2",88339.1,106002,63899.4,69262.1
"NFYVEVPELAK2",2000.41,3347.24,4811.13,4056.58
"NHQGLLLMDTTFR3",23255.2,31211.5,25012.1,17061.1
"NIC(UniMod:4)SLTTIQK2",5372.53,4354.7,3395.98,5020.12
"NILVFGEDGSGK2",NA,3459.06,2403.72,3493.14
"NIPGITLLNVSK2",1658.63,5709.5,3475.45,3321.18
"NISFTVWDVGGQDK2",2783.57,NA,2851.93,2480.07
"NITGSSPVADFSAIK2",3520.92,3815,3731.26,4573.58
"NKPGVYTK2",25625.8,11553.4,21279.6,14939.6
"NLDIERPTYTNLNR3",34356.9,33229.8,26158.2,38532.6
"NLDLDSIIAEVK2",356127,227513,115058,148036
"NLEISIDALMAK2",20114.2,26397.7,24202.5,18771.7
"NLGSINTELQDVQR2",11872.5,10369.3,13333.4,11433.5
"NLPLPPPPPPR2",9786.51,5116.49,11453.1,14240.9
"NLQEAEEWYK2",80063.4,83055,71138.6,82844.2
"NLRDDEGFIIR3",14209.2,18189.7,14883.4,13557.2
"NNTQVLINC(UniMod:4)R2",889.425,3631.48,NA,21046.7
"NPPDIVGK2",16635.9,29684.7,23991.7,21104.8
"NPPEAATAPASPK2",41254.6,40466.8,45809.8,33362.3
"NQALELEQLR2",8651.5,7084.55,6276.16,9235.55
"NQDPIIPVPLK2",3194.16,1699.27,6283.44,4168.15
"NQGLAGPELVK2",10406.9,7688.24,7978.68,8347.17
"NQGPVIPEPVK2",11296.1,11177.8,8246.59,10598.4
"NQLTSNPENTVFDAK2",NA,2741.54,1514.86,2487.3
"NQSFC(UniMod:4)PTVNLDK2",9386.96,10545.1,8195.25,12894.8
"NQSPVVLGPIK2",10014.5,8886.16,9873.04,8635.11
"NQVALNPQNTVFDAK2",6563.9,10259.1,4748.53,7073.98
"NSLESTLAETEAR2",8036.03,NA,NA,NA
"NSLLNEDLEK2",1982.04,NA,2138.85,NA
"NSQPFVLLPK2",12937.1,10115.4,12489.4,10339.3
"NSSYFVEWIPNNVK2",21026.8,22194.2,22895.8,19605.1
"NSTFSELFK2",7265.96,6368.06,3119.78,6201.35
"NTDEMVELR2",15383.4,7719.37,10639.5,7764.8
"NTDQASMPDNTAAQK2",13542,10035.1,16224.8,6419.7
"NTGIIC(UniMod:4)TIGPASR2",4574.83,5461.23,4245.41,4889.27
"NTLAATLIR2",42403.9,36717.1,31630.3,40173.4
"NTTGVTEEALK2",12493.1,16088.9,19423.7,16974
"NTTPTGAAPPAGMTSTR2",31084.3,39639.4,40647.6,26039.6
"NVGLDIEAEVPAVK2",12408.2,14229.1,14755.5,17192.9
"NVLLLGEDGAGK2",NA,4747.57,4023.84,3472.71
"PALPEGTEDTAK2",2494.27,NA,2882.17,1469.85
"PFIEVNIVGPQLSDK2",1130.76,2985.42,1223.56,1578.42
"PGAALDPGC(UniMod:4)VIAK2",107348,132305,85800.9,NA
"PGASLPPLNLK2",736806,512762,682065,660734
"PGMVVTFAPVNVTTEVK2",33740.5,43171.7,22160.3,32379.8
"PLATTQPAK2",49962,38653.8,37336,40197.2
"PLELSDFR2",5529.29,NA,5057.66,3450.48
"PLISVYSEK2",5082.9,3294.54,2993.14,2290.99
"PMFVSPC(UniMod:4)VDK2",10168.1,5950.38,5946.62,8044.6
"PSGPEAVAESK2",35973,37083.4,40472.5,35543.4
"PSTLPAR2",49538.1,44756.7,45868.8,50874.2
"PTDPANLAVFR2",NA,1244.61,918.169,1587.61
"QALGVTVVR2",18281.1,15210.7,19922.3,25452.8
"QALSEVTAALR2",5962.53,5511.59,5283.21,5937.4
"QAMGEQAVALAK2",352612,279533,274156,168791
"QAPIGGDFPAVQK2",9597.03,9062.92,12030.1,9934.69
"QASFYPDVSEEVR2",4912.82,5575.42,6553.86,4427.52
"QATIESLK2",55178,NA,84004.2,NA
"QDIAFAYQR2",25396,26047.1,23044.2,25803.9
"QDILDDSGYVSAYK2",11520.4,10513.5,8274.78,10009.8
"QDLPNAMNAAEITDK2",4099.16,4377.66,4700.5,2100.25
"QDQVC(UniMod:4)IAR2",9554.97,9587.67,9924.58,7834.77
"QDVDNASLAR2",148297,117212,154171,165200
"QDVYGPQPQVR2",NA,2066.01,1240.09,NA
"QDVYLLPK2",16875.3,21399.2,19104.6,19982.3
"QEDIPISGWAVEC(UniMod:4)R2",467020,521190,523859,531863
"QEDIPISGWAVEC(UniMod:4)R3",32526.3,40821,41039.4,43777.1
"QEDVIATANLSR2",9447.96,9542.77,9543.71,8810.5
"QEGIIFIGPPSSAIR2",351803,302774,233025,409788
"QEIAEINR2",41303.1,25069.3,10644.1,6393.38
"QELAVFC(UniMod:4)SPEPPAK2",3540.58,3319.65,4943.3,2516.07
"QELQELNDR2",11927.8,15960.7,15259.3,11632.8
"QELTVFQSK2",NA,2337.86,5197.43,6713.76
"QEMQEVQSSR2",15765.8,13603,14255.6,10605.3
"QEQAAAPGPAATK2",8029.31,7156.46,5346.34,9076.85
"QFEEIWER2",205103,212878,192778,254737
"QFTSSSSMK2",18157.3,2741.88,NA,2770.13
"QGANINEIR2",5465.27,NA,4923.44,3370.98
"QGDEVSVHYDPMIAK3",81576.5,82838.9,94995.3,90309.6
"QGVTEAAEK2",119917,102698,105475,93590.9
"QIGENLIVPGGIK2",3545.77,4626.04,1808.3,NA
"QIGENLIVPGGVK2",68745.7,54205.2,50384.7,65951.4
"QILGQLDGGSVAVLPVVDSTNQYLLDR3",NA,4277.45,NA,NA
"QIQFADDMQEFTK2",6314.07,8866.37,9995.63,6283.8
"QITINDLPVGR2",10589.1,9275.43,8671.85,8572.63
"QITVNDLPVGR2",11359.1,10632.1,7638.9,5303.27
"QLGETLTELK2",6401.6,6410.29,6925.29,5434.73
"QLIVGVNK2",16525.3,14042.1,11067.6,8618.83
"QLLAEQENIIAAK2",14859.3,13312.4,17273.3,14681.5
"QLLEGEESR2",7594.02,10021.4,2351.92,NA
"QLLQANPILEAFGNAK2",10474.2,10285.8,6038.65,10436.7
"QLQNIIQATSR2",9813.03,6134.35,2461.99,3451.06
"QLTEEDGVR2",47194.6,54067.2,66405.3,60883.5
"QLVDTTVELANK2",7478.06,6556.51,8972.17,7788.81
"QMEQVAQFLK2",25200.4,20671.3,20498.9,19636.1
"QNQEYQVLLDVR2",5184.24,NA,NA,NA
"QPAPTTSGGLNK2",100568,89453.1,92233.1,89496.6
"QPPVAWVVPVADK2",4723.23,3168.53,4501,5804.4
"QQEEEAER2",30324,24067.8,NA,4637.47
"QQEIDMK2",86588.1,87169,64346.1,66165
"QQNFNTGIK2",6839.99,NA,5291.48,2865.91
"QQSELQSQVR2",10042.4,12556,12481.1,7076.51
"QQYESVAAK2",97202.4,93407.3,104905,92799.3
"QSFTTVADTPENLR2",4467.43,3919.47,2158.14,1174.38
"QSLEASLAETEGR2",224057,253367,154177,66023.6
"QSLLTAIR2",3944.96,1935.59,2240.69,2868.79
"QSPDEPLR2",8404.53,15166.1,8365.65,10268
"QSVEADINGLR2",144010,207341,117752,57094.2
"QSVEADINGLRR3",30183.2,27490.9,16828.2,8342.25
"QTEDVAEVLNR2",4512.97,3741.27,3662.39,NA
"QTPMASSPR2",14049.6,12306,12457,12647.4
"QTQAVLQAVADK2",11866.7,10112.1,9757.9,8928.93
"QVAASTAQLLVAC(UniMod:4)K2",7767.53,6142.61,7557.56,7950.17
"QVDQLTNDK2",98020.9,99982.1,104372,125227
"QVDVVITC(UniMod:4)TGNK2",8570.98,5568.71,7555.72,7491.81
"QVESTASAAGPSR2",14207.9,11252.2,11638.4,11419.7
"QVFFELNGQLR2",26924.9,48959.3,46377.6,31402.8
"QVGYENAGTVEFLVDK2",146768,255498,229089,275172
"QVHPDTGISSK2",17014.6,16441,22924.3,16011.8
"QVIGTGSFFPK2",12691.1,14697.4,11645.3,9455.82
"QVLIASHLPSYELR3",10305.3,20303.2,7632.24,17345
"QVNC(UniMod:4)EVDQR2",43443.4,41137,41978.9,42008.5
"QVPFSATFSTAK2",NA,1016.38,3051.71,NA
"QVQAEVPGSPIFVMR2",106373,94844.6,87607.4,88212.6
"QVQSLTC(UniMod:4)EVDALK2",168777,124272,143709,168895
"QVTQLAIDTEER2",1660.91,2175.21,2908.34,2381.48
"RFDEILEASDGIMVAR3",7438.75,8418.39,6793.83,3429.11
"RIDSLMDEIAFLK3",6555.94,3054.65,2263.46,2437.26
"RIQEEMEK2",16876.9,15260.9,27082.2,12719.8
"RPGAALDPGC(UniMod:4)VIAK3",20724.7,16164.9,20129.7,26566.2
"SAADLISQAR2",3317.54,8566,5406.08,3981.97
"SAAESISESVPVGPK2",1593.9,3447.69,3742.87,2149.55
"SAAEVIAQAR2",52411.7,51739.8,52887.6,52376.9
"SAGVSVPGPMGPSGPR2",NA,21789.5,14382.3,7672.37
"SALPAQSAATLPAR2",2231.48,1422.44,2392.93,738.379
"SAPFIEC(UniMod:4)HGR2",NA,4556.1,7313.27,4296.43
"SAPSLEYC(UniMod:4)AELLGLDQDDLR3",14096,17405.3,11548.2,10352.2
"SASADLSR2",42966.9,36768.8,34187.1,40500.4
"SATLPLPAR2",27132.9,29695,25204.9,31726.5
"SATVSPQQPQAQQR2",12116.9,8398.55,8033.76,12170.9
"SC(UniMod:4)FLC(UniMod:4)MVC(UniMod:4)K2",6872.62,5063.89,5574.3,5392.05
"SDIDEIVLVGGSTR2",5735.16,6091.79,3206.24,4071.15
"SDIVIAVTYNR2",14840.9,16414,31408.9,18330.5
"SDPDHLAELVK2",97466.6,94078.2,109645,99565.8
"SDTVQLLTVK2",11778.9,11788.8,10331.2,12014.9
"SEAGLAGAPAR2",2980.73,1983.77,NA,NA
"SEDQDLQGLR2",7495.17,14310.4,12977.9,13658.8
"SEIDLLNIR2",9907.36,7973.45,12187.4,12953.4
"SEIDNVK2",82444.1,67543.5,26747.8,16921.1
"SEIDNVKK2",79479.4,47966.7,23078.5,11098.6
"SEITELRR2",74684.4,95979.7,67392.8,53096.8
"SELDMLDIR2",7324.49,8734.65,9631.64,NA
"SELVANNVTLPAGEQR2",18293,17065.8,13152.8,12351.5
"SEMEC(UniMod:4)QNQEYK2",NA,4247.74,NA,NA
"SEMLEIVQAIYK2",2859.7,1748.12,1623.45,NA
"SEMTPEELQK2",40260.4,56018.9,40458.3,42074.6
"SESPKEPEQLR3",5691.27,3099.57,6128.99,7426.94
"SEYQPSDAPFER2",4557.43,2607.28,NA,NA
"SFGLPSIGR2",642648,585578,604062,735037
"SFISSSPSSPSR2",NA,714.741,886.624,3240
"SFNDDAMLIEK2",294939,276657,291016,172644
"SFQPDTGR2",983995,907116,891787,965016
"SGDAC(UniMod:4)IAEYQQAGR2",6863.09,16037.1,14052.7,12108.4
"SGEGMGIR2",237140,222845,276173,216176
"SGILVPSEK2",6184.36,5057.3,4028.52,NA
"SGLQDPGSVEEELR2",1421.26,NA,NA,1415.83
"SGQPGPVGPAGVR2",3468.38,135129,80137.8,68147.4
"SGVSLAALK2",442804,662340,567529,694442
"SIAAATSALVK2",12483.8,9029.54,5923.21,9123.83
"SIFEYEPGK2",NA,6838.35,5388.72,7141.42
"SILPTAPR2",28260.7,31774.4,22254,26140.5
"SIMAAAGVPVVEGYHGK3",45913.2,63082.9,39759.1,56245.5
"SIPGYEDINLR2",8052.9,10403.4,8286.56,11379.4
"SIQFVDWC(UniMod:4)PTGFK2",9207.63,6761.53,4731.69,7937.92
"SIQLDGLVWGASK2",1068.41,3739.8,1904.41,3095.82
"SITIANQTNC(UniMod:4)PLYVTK2",41114.2,27500,36260.6,33184.8
"SLAPVELLLR2",2183.43,1396.69,796.147,2216.88
"SLDENQETIVLLESK2",8650.49,10431.5,5997.74,6918.19
"SLDLAVEDVK2",15902.8,12879.7,13971.3,17205.6
"SLDLDSIIAEVK2",24632.4,16109.6,6411.98,8483.81
"SLDLPSIGGSSVGK2",1997.8,NA,1912.31,3271.94
"SLEEIYLFSLPIK2",584.738,NA,NA,268.62
"SLEGEAAALR2",11603.1,5968.32,7359.18,5768.24
"SLEGSDEAPLLQR2",6528.09,11725,8590.71,11662
"SLLDASEEAIK2",8840.2,9964.7,10818.7,8797.5
"SLPDLGLR2",1399070,1295590,1204300,1265830
"SLQQLAEER2",17262.6,8142.69,8698.75,4687.13
"SLQSVAEER2",8013.4,10428.2,8148.43,13287.1
"SLSLQEGDQLLSAR2",45723.8,52618.4,46479,59134
"SLSSPTDNLELSAR2",3101.13,4796.74,7418.78,6000.05
"SLVQGELVTASK2",8322.21,5468.34,8600.92,6836.5
"SLYSSSPGGAYVTR2",39324.9,35311.7,45412.8,43782.4
"SLYYYIQQDTK2",9620.29,15179.7,12889.5,9021.42
"SMQDLVEDFK2",2193.79,2334.51,1587.77,NA
"SNIAVEIMEK2",NA,2889.1,NA,3130.66
"SNVDFLLR2",587718,641000,549700,600287
"SPAASAPSLPPAAAVLPSK2",4248.95,3691.18,2953.5,4598.06
"SPAEVTDIGFGNR2",1919.52,2983.99,NA,3658.54
"SPATTLPK2",44835.2,46219.1,45014.1,51635.8
"SPEYPDGR2",31943.9,25844.7,33341.9,34715.9
"SPVPITTPSDPIDR2",4928.27,NA,5897.88,4787.57
"SQDPIIPALAK2",16649.4,17809.7,16091.3,15705.1
"SQNIITDSSSLNAEAIR2",3073.49,NA,NA,NA
"SQSSDTEQPSPTSGGGK2",4927.64,2092.5,NA,949.653
"SQVISPPLAQAIR2",3069.78,2304.84,2081.47,2953.99
"SRLELLELK2",2471690,3710200,2767070,2699910
"SRLELLELK3",37111.5,57890.5,42515.6,44014.7
"SSEDLLSALQK2",439046,441390,452741,399069
"SSEEIESAFR2",8470.8,10034.5,9312.52,7190.29
"SSGALSVDK2",37455,43895.6,42210.1,38004.2
"SSINGVAR2",141739,137595,120932,124389
"SSLLLDTVTSIPSSR2",12228.2,6969.27,11945.2,10138
"SSLPEC(UniMod:4)STQK2",4589.44,5265.4,8336.62,6181.86
"SSLVPADDVDIFSK2",8008.72,9382.02,9768.66,8835.84
"SSSAPVASPNVR2",969507,1130310,1117390,1198180
"SSSLDALGPAR2",14262.5,7781.14,7195.32,6606.59
"SSTPLPTVSSSAENTR2",4585.33,NA,NA,NA
"SSVPGVR2",50583.9,41209.6,49328.2,45361.9
"STAALEEDAQILK2",8242.13,8214.49,6581.67,8811.74
"STDYGIFQINSR2",4600.14,6712.64,NA,NA
"STELLIR2",35563,34411.3,15118.5,38484.1
"STGASFIR2",17081.1,34151,38972.2,72026.2
"STLVGHDTFTK2",2978120,4460010,4380760,6017520
"STLVGHDTFTK3",250534,765644,576502,1265080
"STPTAEDVTAPLVDER2",4578.95,2351.29,2984.87,2611.78
"STYQDKPSTPAEK3",8819.05,5203.58,5940.4,4789.85
"SVEVSDPVPAGDLVK2",2251.85,2132.61,3489.19,NA
"SVGNTIEPVILFQK2",4713.54,7499.77,NA,8137.67
"SVIDPIPAPVGDSNVDSGAK2",8151.32,6078.16,2062.41,8798.67
"SVIDTSTIVR2",6738.17,7409.53,7553.09,6370.86
"SVIEENIK2",21371.3,34012.5,37005.7,49059.7
"SVLEGGDIPLQGLSGLK2",22735.9,20414.3,16234.7,21740.2
"SVNFSLTPNEIK2",25503,25533.9,30590.7,23843
"SVPMSTVFYPSDGVATEK2",4413.73,6701.07,6268.59,6259.93
"SVSAADIER2",5257.78,5771.62,6926.69,NA
"SYETWIGVYTAK2",6644.91,4165.2,3028.72,3382.96
"SYLNMDAIMEAIK2",46951.8,34384.6,22803.2,19602.7
"SYLNMDAIMEAIKK3",5089.48,8890.67,6639.52,NA
"SYLSVSAPLSSTAGK2",4279.88,4223.61,3958.37,2524.08
"SYSPYDMLESIK2",2903.05,5287.05,2534.63,6083.16
"SYSSTLTDLGR2",10061.7,11376.7,8140.17,9132.36
"SYVTTSTR2",71831.7,72185.6,77364.1,72179.3
"TAAENEFVTLK2",44970.6,39662.8,9451.08,7263.58
"TAEELMNFSK2",6310.1,8562.67,6771.84,7818.76
"TAFTDLPEQVPESISNQK2",NA,NA,1798.96,NA
"TAGTIC(UniMod:4)LETFK2",11652.6,12058.8,11357.4,8023.08
"TAMGSNQASPAR2",6257.27,5845.87,5138.14,NA
"TAQIMFQAYGDK2",28772.5,34391.5,34759.5,34787.3
"TASGSSVTSLEGTR2",2484.6,7230.65,4214.08,2935.74
"TATFAISILQQIELDLK2",NA,NA,3124.01,NA
"TAVVVGTVTDDVR2",10222.1,7460.65,8949.37,12627.9
"TC(UniMod:4)VDINEC(UniMod:4)VLDPGK2",NA,55110.2,12184.2,6477.35
"TDGDIEDDR2",6876.18,7242.8,1180.32,7952.21
"TDGDIEDDRLAAMFR3",8449.87,13899.4,6929.56,11362.8
"TDLLLEPYNK2",26344.8,30135.6,27174.8,26069.4
"TDNLPNQAR2",3752.41,3032.02,NA,NA
"TEAATTAGKPEPNAVTK2",NA,8907.48,11036.8,11425.4
"TEAATTAGKPEPNAVTK3",19783.4,21315,24476.3,27077.8
"TEEDEGLQAALTVPGPK2",4846.87,5948.94,5755.49,7093.75
"TEEDEGLQAALTVPGPK3",975.114,2437.77,2454.1,NA
"TEFIPLLDGDEK2",223551,214688,212172,244576
"TEILPPFFK2",5452.89,5368.56,4947.76,6660.26
"TELEDTLDSTAAQQELR2",15019.5,14433,8770.08,18364.3
"TFAPEEISAMVLTK2",3196.61,NA,1562.35,NA
"TFDEIASGFR2",40664.2,35888.3,26743.2,34311.8
"TFEDFVR2",102722,111564,110610,121381
"TFLVWINEEDHLR2",12537.6,8236.75,9871.93,9406.36
"TFLVWINEEDHLR3",21307.8,20833.9,17149.1,14412.6
"TGAIVDVPVGEELLGR2",3970.88,4186.54,NA,6608.81
"TGFVPSNYVER2",6046.83,8779.56,8636.2,10425.6
"TGVAPIIDVVR2",23871.8,23491.9,21007.6,31793.5
"TIAMDGTEGLVR2",9579.24,8038.21,8425.86,9276.35
"TIAQDYGVLK2",12456,15019.3,13576.4,15874
"TIC(UniMod:4)IETIK2",NA,121903,20741.7,12824.3
"TIGISVDPR2",4135.36,3638.45,3063.11,3758.21
"TIQFVDWC(UniMod:4)PTGFK2",11560.3,18478.8,12241.4,13900.5
"TISPMVMDAK2",5847.44,NA,8242.65,5768.52
"TITLEVEPSDTIENVK2",20221.3,32838.7,20750.1,29770.7
"TITPVYNR2",4319.72,4597.49,5717.21,5063.24
"TLASAGGPDNLVLLDPGK2",4117.52,9917.83,11170.1,4759.77
"TLC(UniMod:4)C(UniMod:4)ATVGR2",NA,43944.8,6065.71,3721.5
"TLDLSSNWLK2",82109.1,56414.7,92977.3,35120.2
"TLEALEEGGGELNDFVSTAK3",7860.71,8475.08,10572.5,8026.53
"TLIEILATR2",5304.69,4391.97,3953.41,5654.05
"TLM(UniMod:35)NLGGLAVAR2",NA,1541.56,5810.5,NA
"TLMNLGGLAVAR2",39363.1,45970,38118.4,38598.4
"TLPFSENVSAVQK2",5365.49,5972.8,6993.58,6155.81
"TLPGGNQC(UniMod:4)IVPIC(UniMod:4)R2",NA,17704.6,3772.84,2279.21
"TLSDNVNLPQGVR2",3806.13,2230.51,2718.21,2294.66
"TLTTAAVSTAQPILSK2",8068.35,7484.37,8134.11,8471.38
"TMDIFNEMK2",7526.18,6198.8,6351.55,4791.33
"TNAENEFVTIK2",1121660,967183,429825,269843
"TNQELQEINR2",24206.9,29490.6,27538.9,25568.9
"TNQIGTVNDR2",4447.28,8280.95,7032.69,8096.94
"TPAQFDADELR2",4099.11,7900.71,9702.37,6902.93
"TPAQYDASELK2",35547.8,50648,40243.9,39642.4
"TPELTWER2",30366.4,25638.6,27334.2,31896.8
"TPEVSGYTYEK2",2387.03,6121.14,6480.37,9389.82
"TPSSSQPER2",3061.97,2265.07,2351.25,NA
"TPVDYIDLPYSSSPSR2",22172.4,32635.8,30783.6,20381.8
"TQEPAEPQK2",7606.36,7252.1,4875.53,2824.58
"TQLNLLLDK2",360810,428784,414293,412902
"TQPMVATTTTVAEK2",3089.76,2892.39,NA,NA
"TQPTDEEMLFIYSHFK3",5354.12,4480.32,5518.52,5432.11
"TQPTSLPK2",59425.1,66906.7,63282.7,51211.7
"TSDLIVLGLPWK2",4110.15,4265.85,2804.27,3544.33
"TSGPPVSELITK2",2484800,3532710,3273060,3725820
"TSGVVQGVASVAEK2",7944.85,7072.9,8638.02,NA
"TSIAIDTIINQK2",4589.65,6384.76,5653.89,3607.08
"TSQVTLYVFEK2",14541.5,11208.1,12229.4,13167.8
"TSTSAVPNLFVPLNTNPK2",2164.84,2437.62,1698.57,3434.28
"TSVSSVSASPSR2",10236.7,14340.9,9060.9,10571.7
"TTAENEFVM(UniMod:35)LK2",25103.2,17355.8,15191.8,5648.62
"TTAENEFVMLK2",35522.5,17111.3,8469.85,7469.7
"TTDVMFGGK2",6592.62,3066.55,5916.65,NA
"TTEAAATAVGTAATTAAVVAAAGIAASGPVK3",2025.26,2198.05,3162.64,2015.48
"TTELATADPFALAPFPSK2",4176.6,3559.46,2128.15,3868.77
"TTPDVIFVFGFR2",3264.91,NA,2043.35,NA
"TTPSYVAFTDTER2",10048.2,8771.6,8368.19,5445.49
"TTPTVSK2",18100.6,23688.5,7287.95,13340.9
"TTSWLDPR2",NA,NA,3839.57,NA
"TTVEYLIK2",133433,156709,150280,158250
"TVAVYSEQDTGQM(UniMod:35)HR3",NA,14595.5,7624.32,14472.9
"TVAVYSEQDTGQMHR2",38568,46960.8,53110.8,32318.6
"TVAVYSEQDTGQMHR3",196665,207219,248356,166702
"TVEEAENIVVTTGVVR2",251610,353420,304162,334653
"TVEEAENIVVTTGVVR3",178352,278667,191454,207788
"TVEGAGNIAAATGFVK2",17401.5,12818.2,16996.3,17536.6
"TVELSIPADPANLDSEAK2",166351,207499,216326,216475
"TVEVAVPADPANLDSEAK2",6834.43,6889.46,9480.68,8113.47
"TVEVPEDEVVR2",5473.5,4898.18,5994.68,6961.53
"TVGATALPK2",35475.9,25839.1,30020.4,25641.1
"TVPIEAVTSK2",21526.4,20144.2,21149.2,27336.8
"TVPNDATQTK2",38641.7,43181.1,29776.2,38015.7
"TVPQVVNVQELR2",2831.6,1803.34,2837.96,2643.93
"TVQC(UniMod:4)LSR2",657269,632244,645793,661835
"TVQVEQSK2",6265.2,7943.74,3107.69,2392.3
"TVTAMDVVYALK2",9349.76,12075.5,5883.01,8315.71
"TVVEGNIPIESEVNLK2",NA,NA,1884.33,1807.37
"TVVTPAR2",57847.7,46924.8,42302,48672.9
"TYIELLPPAEK2",32308,27886,22922.2,18142.7
"TYPGVMHSSC(UniMod:4)PQEMAAVK3",5918.18,5012.22,10129.7,NA
"VAAVQPPEEGPSR2",16894.6,13471.2,14733.3,13960.8
"VADGLPLAASMQEDEQSGR2",6249.06,4670.77,8060.35,7779.48
"VADNLAIQLTTVTEDK2",3052.06,2646.45,3371.98,1730.21
"VADYIPQLAK2",3152.07,4265.62,5303.04,4803.19
"VAEFNNVTPLSEEEVTSVK2",92112.2,80023.2,90651.9,88338.8
"VAEFTTNLMEEEEK2",9179.76,5917.15,10555.4,4339.7
"VAFDELVR2",4893.21,5433.94,3120.49,3235.98
"VAGQDGSVVQFK2",6924.67,5575.33,5215.05,3514.8
"VAIPIEDVNR2",3063.43,3005.38,3195.3,4139.24
"VAISNPPQR2",5322.48,5042.58,6110.06,4340.66
"VALTGLTVAEYFR2",3776.71,5544.12,5328.58,3806.09
"VALVYGQMNEPPGAR2",5467.06,13236.5,3285.7,14627.1
"VAPAPAVVK2",2650.07,4062.05,2725.61,NA
"VAPDEHPILLTEAPLNPK3",8502,20334.4,4546.39,8504.64
"VAQPSITDNK2",283.951,2405.91,1122.91,2514.57
"VAQSLC(UniMod:4)GEDLIIK2",NA,NA,18910,22736.8
"VASTGSGASPGDAHQAPGEK3",11634,15568.6,15437.5,21915.4
"VATNAAAQNAIK2",NA,1533.92,1045.36,NA
"VATVPIKDK2",37367.7,21367,41986.9,47595.5
"VAVGVGEVGFR2",72948.5,74111.4,71217.5,83072.4
"VAVLETQLK2",6496.77,10195.9,6701.54,9233.05
"VAVSADPNVPNVIVTR2",6579.16,4565.96,NA,5435.59
"VAVYVPGSK2",NA,1035.12,2818.74,NA
"VC(UniMod:4)ENIPIVLC(UniMod:4)GNK2",2717.87,3375.94,4753.05,4446.88
"VC(UniMod:4)SPIISGLYQGAGAPGAGGFGAQAPK3",1699.14,1560.24,1390.81,1155.25
"VDALM(UniMod:35)DEINFM(UniMod:35)K2",10795.9,5591.81,7797.97,3501.1
"VDALMDEINFMK2",18354.5,9834,4204.2,2659.15
"VDEIVVLSGDNSK2",5661.06,3376.95,5695.19,8701.59
"VDEPASGAAC(UniMod:4)SSLNK2",NA,3603.81,2687.53,3352.22
"VDILDPALLR2",9335.46,8592.79,5707.8,8356.85
"VDLVVEQVSK2",14260.6,12048.7,9377.53,9520.31
"VDPEIQNVK2",417840,446160,269698,182755
"VDPTSQNLFMK2",6265.35,NA,6768.47,5647.06
"VDQIIMAK2",14347.1,6755.17,NA,NA
"VDQSAVGFEYQGK2",12229.1,11533.3,11732.2,12945.2
"VDSGIQPGSDISIYYDPMISK3",8087.73,5992.4,8991.83,9428.09
"VDSLLESLEK2",2159.13,4054.65,3704.69,3960.76
"VDVSPTSQR2",3448.69,1973.9,3390.69,NA
"VDVVGATQGQAGSC(UniMod:4)SR2",8393.47,11430.9,15755.8,9267.32
"VDWQENDFSK2",55513.7,87095.4,65896.7,81851.9
"VDYAGVTVDELGK2",78686.4,66906.1,68014,71880
"VEAQLQELQVK2",13300.2,10021.4,12574.3,14970.8
"VEEEIVTLR2",8074.51,9068.97,7723.69,10214.6
"VEFTEDLQK2",10043.3,9703.81,10628,9945.56
"VEGPAFTDAIR2",5674.17,6037.1,7585.93,7155.14
"VEIIANDQGNR2",11145.4,12092.9,7017.27,10937.7
"VEILTALR2",91989.4,80602.9,93964,114892
"VEKPEGPR2",13270.3,5896.97,7710.68,6566.63
"VELDNMPLR2",17127.8,13947.6,15958.6,12781.5
"VELIAYFEK2",18605.3,24977.3,26237.6,21529.6
"VELQELNDR2",135687,89647.6,88107,58279.9
"VEPGLGADNSVVR2",5682.55,10300.8,6122.55,6593.46
"VEPYSSTAQVQFDEPEATGGVPILK3",4992.93,2295.34,2454.38,1531.98
"VESLQEEIAFLK2",51674.1,45079.4,41552.6,52051
"VETGILRPGMVVTFAPVNITTEVK3",3608.84,2687.95,3159.14,3646.18
"VETGVLKPGMVVTFAPVNVTTEVK3",19068,26679,15632.1,15357.7
"VEVADSKPK2",18964.7,14952.2,15748,16502.6
"VEVERDNLAEDIMR3",9942.27,18359.8,10682.2,10769.9
"VEVGTEVTDYR2",94512.5,92791.5,67109.9,71658
"VEVTEFEDIK2",22941.8,22347.4,21551.1,18241.1
"VFDYSEYWEGAR2",394702,490707,512779,394823
"VFEAVQTR2",4576.62,4905.23,5220.93,5251.46
"VFFENFK2",21094.6,27448.2,27871.2,22112.2
"VFFSEGAQANR2",328080,303844,311800,318323
"VFIGNLNTLVVK2",NA,7274.63,NA,NA
"VFLENVIR2",102911,134144,59198.3,90917.5
"VFNLYPR2",29424.2,14471.2,18514.2,18935.4
"VFSIPEGQK2",9056.25,8568.82,12477.6,8164.86
"VGDDPAVWQLK2",5462.21,7726.23,NA,4522.68
"VGDTSLDPNDFDFTVTGR2",39059.2,33719.9,36167.8,42078.7
"VGDVYIPR2",9353.79,25447.3,22538.8,26949.2
"VGEFSGANK2",611955,521923,485515,467815
"VGENADSQIK2",1926900,2900940,2898380,3161020
"VGGGIDVPVPR2",8008.49,4234.97,5196.53,5489.67
"VGIDDVR2",NA,3770.9,5207.77,6018.03
"VGILQHPDGTVLK3",NA,NA,689.45,NA
"VGINYQPPTVVPGGDLAK2",95433.8,92080.9,87245.6,92469.6
"VGLASPSK2",18637.5,27562.3,25807.2,18421.1
"VGPDLELDPK2",7596.16,6240.88,6602.3,7289.34
"VGQMVISGVDR2",10999.2,7027,10995.4,8889.87
"VGSLDNVGHLPAGGAVK3",81906.6,53690.4,69028.2,86752.5
"VIAC(UniMod:4)FDSLK2",2171.81,9515.96,7556.76,7146.61
"VIEC(UniMod:4)DVVK2",7138.75,5252.72,4808.32,9167.76
"VITEAAILK2",10966.7,17124.6,16067.4,13066
"VLADPSDDTK2",7952.48,3481.32,4596.05,6973.16
"VLAGETLSVNDPPDVLDR2",3350.31,4449.37,4379.78,4654.18
"VLAIELENLK2",3948.98,4127.35,6078.43,6925.46
"VLAIEYFFEEK2",2548.25,2185.95,2525.82,2090.28
"VLDELTLAR2",297814,147181,60984.1,51402
"VLDELTLSK2",15282.5,51915.3,4128.96,2854.71
"VLEAELLVLR2",26612.2,18281.8,22011,19959.1
"VLGDLSSEDGC(UniMod:4)TYLK2",782749,849598,893377,922660
"VLGLTLLQK2",10495.2,6449.07,2994.5,7876.1
"VLGMDPLPSK2",5638.32,5187.9,3678.49,4951.01
"VLIANNGIAAVK2",108192,120209,110929,124889
"VLIEILC(UniMod:4)TR2",NA,2609.8,828.159,2001.62
"VLISDSLDPC(UniMod:4)C(UniMod:4)R2",2610.56,2859.88,2264.7,2083.29
"VLITTDLLAR2",5062.54,7237.96,3756.06,3095
"VLLDEPPEEEDVLR2",4468.52,2925.58,3169.79,2721.88
"VLLPEYGGTK2",1340.11,3995.12,NA,NA
"VLNSYWVGEDSTYK2",9802.99,9618.41,5456.28,8162.33
"VLPPPAGYVPIR2",6340.82,5474.88,6289.18,7572.67
"VLQAELK2",53901.9,57475.1,53209.9,46763.9
"VLSGAVAAEAAEAK2",3721.16,4510.29,7429.47,3382.26
"VLSIGDGIAR2",13293.1,9389.26,7059.76,8814.58
"VLTEIIASR2",5608.64,6081.94,3882.7,5435.34
"VLTPELYAELR2",3681.71,4505.64,4224.63,2602.27
"VLTSEEEYSLLSDK2",28977.5,29149.5,32573.1,26394.9
"VLTTTALSTVSSGAQR2",5190.6,1979.65,3920.69,2788.3
"VLVQNAAGSQEK2",5442.87,8015.26,7982.55,6732.37
"VLYLVQGEK2",10560.3,9108.82,10575.1,9556.84
"VMLTTAGGTK2",202863,238005,224102,144631
"VMTSGTGAPAK2",7888.4,9141.23,10851.8,4902.23
"VMVTNVTSLLK2",7577.27,7640.84,11071.3,4598.28
"VNIIPLIAK2",6996.53,5738.67,6652.64,NA
"VNLQGDIVDR2",9136.26,14408,8503.06,12093.3
"VNLWLVC(UniMod:4)SR2",13283.4,20670.3,10083.8,15960.2
"VNNADDFPNLFR2",62958.7,92559.1,72556,87450.9
"VNNVDFTNIIR2",6529.43,6317.87,6618.07,7289.57
"VNSLGETAQR2",28227.6,19038.1,22408.6,22873.4
"VNTIPGFDGVVK2",1208060,1260710,1399990,1534400
"VNVPEESR2",4289.21,4602.2,3830.93,NA
"VPAPEVASGPDPEEEIR2",6519.45,6048.55,NA,NA
"VPDMAVPDVPLPELQLPK2",22276.1,22097.4,10278.5,10866.7
"VPDMAVPDVPLPELQLPK3",2689.62,2966.02,1131.36,1509.78
"VPEAAIPDVQLPEVQLPK2",27482.3,22497.2,21415.4,27187.7
"VPEAAIPDVQLPEVQLPK3",17793,14175.2,10255.4,10171.3
"VPELNVQNGVLK2",6139.4,5353.56,3791.95,4410.07
"VPEMAVPDVHLPDVQLPK3",5324.16,6495.46,1638.33,1836.23
"VPEMAVPDVR2",57661.4,66201.6,63170.4,60944.4
"VPENPPSMVFK2",21096.8,19265.2,21502.6,11184.2
"VPEPC(UniMod:4)HPK2",5358.45,3447.13,8733.14,NA
"VPEPC(UniMod:4)QPK2",28422.3,22028.8,24222.3,17097.2
"VPQATAEAK2",7964.82,8502.82,12725.7,13670.6
"VPSVEIVTPQLPTVEVEK2",3932.85,3529.36,3736.54,3146.91
"VPVIRPDVAK2",307439,192501,331829,199799
"VPVIRPDVAK3",153017,52134.7,130009,65629.3
"VQAINVSSR2",9398.7,14802.8,12604.7,8895.07
"VQAQVIQETIVPK2",3048.59,2580.31,3410.43,4287.99
"VQISPDSGGLPER2",5390.73,3926.1,4444.32,4667.58
"VQPIC(UniMod:4)LATTR2",1898.77,NA,NA,NA
"VQQAELHTGSLPQIQSTALR3",91654.5,124809,73723.7,112490
"VQSLNVDAIIR2",5840.68,4916.82,7597.39,6181.24
"VQSLQDEVAFLR2",8136.91,5522.51,6340.15,9866.63
"VQSNC(UniMod:4)SLSPIQYLTDDK2",16280.6,16293.9,10508.3,19976.9
"VQWC(UniMod:4)SLSVIK2",49249.8,75559.3,57153.7,57594.7
"VSAEGEAR2",5507.63,5208.43,4872.83,4984.69
"VSAIASEGK2",698.386,1361.88,NA,NA
"VSAQGITLTDNQR2",10220,6282.31,5399.94,6100.11
"VSDESVLPLAQK2",22943,23306.7,24419.5,26913.2
"VSDSVEQLR2",NA,NA,214.936,NA
"VSFELFADK2",4933.76,8027.15,4369.8,5052.03
"VSGSPSSGFR2",7932.16,9694.33,11028.5,9411.07
"VSLVTAPVK2",5883.55,6353.89,5353.04,4739.22
"VSPEALEGK2",5837.7,6721.5,2568.46,6119.45
"VSPEVGSADVASIAQK2",3029.37,NA,11409.6,13458.6
"VSQVSLESLEK2",7348.68,6380.66,8615.14,6960.58
"VTFSLQPK2",14398,10701.9,9620.19,12016.7
"VTIAQGGVLPNIQAVLLPK2",8764.97,17567.3,8775.16,4929.96
"VTILELFR2",7938.06,6439.43,NA,9180.07
"VTLLDGTEYSC(UniMod:4)DLEK2",8420.36,13270.9,11981.3,12486.1
"VTLLPER2",25031.6,20265.9,25705.1,25160.8
"VTLQEMLK2",1974.08,NA,NA,NA
"VTM(UniMod:35)QNLNDR2",55658.4,80602.2,33609.2,47266.9
"VTMQNLNDR2",656787,668392,381271,163015
"VTQLDLDGPK2",57648.8,43865.6,43852.8,25905.1
"VTSEPEAVSER2",2674.37,4039.19,3116.08,3291.19
"VTTEDPAR2",577823,612975,626892,622755
"VTTPQEGYISR2",2469.47,1063.8,3072.16,1494.87
"VTYVVLDEADR2",7384.49,5528.96,5219.2,6461.69
"VVDALGNAIDGK2",15156.9,11213.9,9336.96,11807.6
"VVDLLAPYAK2",3948.12,7678.44,5545.79,5294.22
"VVEEAPSIFLDPETR2",1986670,1963810,2178540,2198160
"VVEEAPSIFLDPETR3",60187.1,57362.9,66513.6,63973.5
"VVEIAPATHLDPQLR2",194739,225188,112475,242203
"VVEIAPATHLDPQLR3",992436,826624,810899,1056630
"VVFQEFR2",21888.9,20375.5,21854.7,23087.8
"VVHSYEELEENYTR3",90389.2,89845.8,101214,112286
"VVIVDPETNK2",5474.39,1356.29,NA,NA
"VVLEDGNLLVTPGAGR2",6279.15,4723.06,6961.02,8899.28
"VVNGAAASQPPSK2",2084.59,1476.68,2116.06,NA
"VVNIVPVIAK2",5918.18,3289.83,4552.04,3546.62
"VVNVEIVEEPMSYIGGGK2",8495.34,6048.4,5966.05,5705.59
"VVPC(UniMod:4)LVAPVAGR2",1377.85,2375.32,2672.28,3228.19
"VYAEDPYK2",333264,403620,376981,332930
"WEPELPSC(UniMod:4)FK2",4990.37,6338.26,8263.35,5635.25
"WGTDEAQFIYILGNR2",5615.79,5628.84,4516.18,4196.24
"WGTLTDC(UniMod:4)VVMR2",15648.1,14110.8,14956.3,14196.7
"WISIMTER2",22029.1,23402.8,21875.2,20269.1
"WPNDLYLQDR2",7164.21,10540.4,7610.65,10215.8
"WSFLQEQK2",22979.4,NA,NA,NA
"YADLSDAANR2",14111.7,15025,10220.4,15762.4
"YDDEEC(UniMod:4)TLPIAGR2",NA,105674,16207.7,7162.6
"YDPPLEDGAMPSAR2",3929.98,5547.18,4377.67,6147.25
"YDQQAEEDLR2",6175.14,8074.72,8173.04,7403.85
"YDSAPATDGSGTALGWTVAWK2",4100740,5418320,4785520,4121590
"YDSAPATDGSGTALGWTVAWK3",1730680,2176860,2028450,1839270
"YDVYLINPQGK2",40671,36303.7,31627.3,33465.9
"YEDEINK2",65734,35490.4,19367.1,11490.7
"YEDEINKR2",90917.4,67599.6,39200.9,29704.7
"YEELQQTAGR2",48623.4,32793.9,16431.3,13447.1
"YEELQVTAVK2",71970.7,55737.4,36972.6,35628.3
"YEILTPNSIPK2",4563.54,6998.54,6440.48,5934.3
"YENELALR2",8611.77,27876.7,NA,NA
"YEVAVPLC(UniMod:4)K2",NA,2824.79,2878.3,2373.81
"YEVSSYTDQFSR2",NA,5873.89,4305,NA
"YFELEPLAR2",2352.69,3505.69,4399.02,3551.76
"YGEPGEVFINK2",8367.07,8304.36,NA,641.689
"YGVNPGPIVGTTR2",13469.5,12852.7,14905.4,19419
"YLLLVLMDAER2",2591.63,2562.17,915.698,2974.75
"YLLPAILNPR2",4827.69,3569.06,5542.6,5329.31
"YLSPVSAEGAQGGTIAPMTGTIEK3",13958,11220.5,11319.4,6057.01
"YLTVAAVFR2",4908.66,NA,807.715,2119.32
"YLVLDEADR2",5332.56,8268.39,6582.13,3821.4
"YLYLTPQDYK2",71696.8,78482.5,64187,78529.2
"YNIMLVR2",10691.6,NA,4393.28,4164.15
"YPAAAAANTAR2",NA,6701.62,6050.48,3194.82
"YPSLGLER2",22739.7,26609.3,22143.5,23813.4
"YSDM(UniMod:35)IVAAIQAEK2",47368.8,61275.1,72839.8,71859.7
"YSDMIVAAIQAEK2",940931,1746500,1181000,1559740
"YSSAGTVEFLVDSQK3",36095.4,54078.8,60857.2,55859.5
"YTQDTMEDAVK2",4518.62,8083.29,6826.68,4136.6
"YVGAGTVEFIMDSR2",33264.2,33627.8,39963.9,24743.8
"YVQELPLETDGALR2",21973,24187.9,27626.2,25625.1
"YYITIIDAPGHR2",6945.21,4872.97,5606.77,3839.95
"YYVTIIDAPGHR2",8021.2,7641.55,4568.9,5408.35
