"","ID","Description","GeneRatio","BgRatio","RichFactor","FoldEnrichment","zScore","pvalue","p.adjust","qvalue","geneID","Count"
"GO:0030054","GO:0030054","cell junction","48/152","243/1596",0.197530864197531,2.07407407407407,5.89803048967282,6.09666501511817e-08,1.48148959867372e-05,9.88301486661261e-06,"Akap12/Ncam1/Palm/Avil/Atp6v1a/Ppp3ca/Sncg/Numbl/Dnm1l/Plaa/Prune1/Usp5/Arhgdia/Ptpn12/Dpysl2/Kif5b/Mapk3/Chmp4b/Rexo2/Rheb/Park7/Ppp1r2/Uba1/Lcp1/Capzb/Usp14/Cltc/Apoa4/Atp6v1b2/Atp6v1h/Basp1/Cltb/Coro1a/Ctbp1/Gab1/Gls/Gnai2/Gphn/Gsk3b/L1cam/Mical1/Nedd4/Pafah1b1/Phf24/Pls3/Ppp1cc/Prkar2a/Stat3",48
"GO:0099513","GO:0099513","polymeric cytoskeletal fiber","23/152","76/1596",0.302631578947368,3.17763157894737,6.30939836707196,1.39854793899773e-07,1.69923574588224e-05,1.13355990845079e-05,"Cep170/Avil/Dync1li1/Dnm1l/Nudc/Cct8/Dpysl2/Kif5b/Chmp4b/Tcp1/Dync1i2/Tbcb/Lcp1/Cct5/Cltc/Coro1a/Gsk3b/Hsph1/Klc1/Mical1/Pafah1b1/Pls3/Stmn1",23
"GO:0005874","GO:0005874","microtubule","18/152","51/1596",0.352941176470588,3.70588235294118,6.37013003118975,2.7693679967676e-07,2.1131195185709e-05,1.40966171046099e-05,"Cep170/Dync1li1/Dnm1l/Nudc/Cct8/Dpysl2/Kif5b/Chmp4b/Tcp1/Dync1i2/Tbcb/Cct5/Cltc/Gsk3b/Hsph1/Klc1/Pafah1b1/Stmn1",18
"GO:0099081","GO:0099081","supramolecular polymer","27/152","105/1596",0.257142857142857,2.7,5.84552187740954,4.34798254849979e-07,2.1131195185709e-05,1.40966171046099e-05,"Cep170/Avil/Dync1li1/Ppp3ca/Dnm1l/Nudc/Cct8/Dpysl2/Kif5b/Chmp4b/Tcp1/Dync1i2/Tbcb/Lcp1/Capzb/Cct5/Lum/Cltc/Coro1a/Glrx3/Gsk3b/Hsph1/Klc1/Mical1/Pafah1b1/Pls3/Stmn1",27
"GO:0099512","GO:0099512","supramolecular fiber","27/152","105/1596",0.257142857142857,2.7,5.84552187740954,4.34798254849979e-07,2.1131195185709e-05,1.40966171046099e-05,"Cep170/Avil/Dync1li1/Ppp3ca/Dnm1l/Nudc/Cct8/Dpysl2/Kif5b/Chmp4b/Tcp1/Dync1i2/Tbcb/Lcp1/Capzb/Cct5/Lum/Cltc/Coro1a/Glrx3/Gsk3b/Hsph1/Klc1/Mical1/Pafah1b1/Pls3/Stmn1",27
"GO:0042995","GO:0042995","cell projection","47/152","254/1596",0.18503937007874,1.94291338582677,5.31533868837447,7.64702916992339e-07,3.00637942018482e-05,2.00555525539728e-05,"Ncam1/Palm/Cep170/Avil/Atp6v1a/Ppp3ca/Sncg/Pygb/Cct8/Arhgap1/Ptpn12/Pcmt1/Dpysl2/Kif5b/Mapk3/Stmn2/Rheb/Dync1i2/Park7/Ppp1r2/Lcp1/Capzb/Ckb/Cdc37/Ak2/Arfip2/Atp6v1b2/Basp1/Cd44/Cltb/Coro1a/Glrx3/Gnai2/Gphn/Gsk3b/Impa1/Klc1/L1cam/Lztfl1/Mical1/Nedd4/Pafah1b1/Pfkm/Pls3/Ppp1cc/Prkar2a/Stmn1",47
"GO:0120025","GO:0120025","plasma membrane bounded cell projection","46/152","247/1596",0.186234817813765,1.95546558704453,5.29756254134914,8.66035223921553e-07,3.00637942018482e-05,2.00555525539728e-05,"Ncam1/Palm/Cep170/Avil/Atp6v1a/Ppp3ca/Sncg/Pygb/Cct8/Arhgap1/Pcmt1/Dpysl2/Kif5b/Mapk3/Stmn2/Rheb/Dync1i2/Park7/Ppp1r2/Lcp1/Capzb/Ckb/Cdc37/Ak2/Arfip2/Atp6v1b2/Basp1/Cd44/Cltb/Coro1a/Glrx3/Gnai2/Gphn/Gsk3b/Impa1/Klc1/L1cam/Lztfl1/Mical1/Nedd4/Pafah1b1/Pfkm/Pls3/Ppp1cc/Prkar2a/Stmn1",46
"GO:0045202","GO:0045202","synapse","40/152","202/1596",0.198019801980198,2.07920792079208,5.32314091521613,1.0920556188096e-06,3.31711894213416e-05,2.21284954337735e-05,"Akap12/Ncam1/Palm/Atp6v1a/Ppp3ca/Sncg/Numbl/Dnm1l/Plaa/Usp5/Arhgdia/Dpysl2/Kif5b/Mapk3/Chmp4b/Rheb/Park7/Ppp1r2/Capzb/Usp14/Cltc/Apoa4/Atp6v1b2/Atp6v1h/Cltb/Coro1a/Ctbp1/Gls/Gnai2/Gphn/Gsk3b/L1cam/Mical1/Nedd4/Pafah1b1/Phf24/Pls3/Ppp1cc/Prkar2a/Stat3",40
"GO:0043228","GO:0043228","membraneless organelle","61/152","393/1596",0.155216284987277,1.62977099236641,4.66406565719832,6.31063627203586e-06,0.000153348461410471,0.000102298735357213,"Akap12/Cep170/Avil/Dync1li1/Ppp3ca/Sncg/Dnm1l/Ciapin1/Nudc/Psmc3/Cct8/Birc6/Ptpn12/Dpysl2/Kif5b/Usp7/Mapk3/Chmp4b/Tcp1/Rexo2/Dync1i2/Stip1/Tbcb/Park7/Uba1/Lcp1/Capzb/Calml3/Cct5/Stat6/Cltc/Ola1/Arfgef1/Arfip2/Basp1/Brcc3/Capza2/Coro1a/Cul5/Fnbp1/Glrx3/Gnai2/Gphn/Gsk3b/Hsph1/Jpt1/Klc1/Lztfl1/Mical1/Nedd4/Oxr1/Pafah1b1/Pitpnm1/Pls3/Ppm1b/Ppp1cc/Prkar2a/Rps6ka3/Stat3/Stmn1/Wbp2",61
"GO:0043232","GO:0043232","intracellular membraneless organelle","61/152","393/1596",0.155216284987277,1.62977099236641,4.66406565719832,6.31063627203586e-06,0.000153348461410471,0.000102298735357213,"Akap12/Cep170/Avil/Dync1li1/Ppp3ca/Sncg/Dnm1l/Ciapin1/Nudc/Psmc3/Cct8/Birc6/Ptpn12/Dpysl2/Kif5b/Usp7/Mapk3/Chmp4b/Tcp1/Rexo2/Dync1i2/Stip1/Tbcb/Park7/Uba1/Lcp1/Capzb/Calml3/Cct5/Stat6/Cltc/Ola1/Arfgef1/Arfip2/Basp1/Brcc3/Capza2/Coro1a/Cul5/Fnbp1/Glrx3/Gnai2/Gphn/Gsk3b/Hsph1/Jpt1/Klc1/Lztfl1/Mical1/Nedd4/Oxr1/Pafah1b1/Pitpnm1/Pls3/Ppm1b/Ppp1cc/Prkar2a/Rps6ka3/Stat3/Stmn1/Wbp2",61
"GO:0099080","GO:0099080","supramolecular complex","29/152","135/1596",0.214814814814815,2.25555555555556,4.94534109292809,8.81590879447434e-06,0.000194751439732479,0.000129918655918569,"Cep170/Avil/Dync1li1/Ppp3ca/Dnm1l/Nudc/Psmc3/Cct8/Dpysl2/Kif5b/Chmp4b/Tcp1/Dync1i2/Tbcb/Lcp1/Capzb/Cct5/Lum/Cltc/Coro1a/Glrx3/Gsk3b/Hsph1/Klc1/Mical1/Pafah1b1/Pls3/Ppp1cc/Stmn1",29
"GO:0005856","GO:0005856","cytoskeleton","40/152","223/1596",0.179372197309417,1.88340807174888,4.61314459146675,1.58752438890971e-05,0.000321473688754217,0.000214455049028154,"Akap12/Cep170/Avil/Dync1li1/Sncg/Dnm1l/Nudc/Cct8/Birc6/Ptpn12/Dpysl2/Kif5b/Mapk3/Chmp4b/Tcp1/Dync1i2/Tbcb/Lcp1/Capzb/Calml3/Cct5/Cltc/Ola1/Brcc3/Capza2/Coro1a/Fnbp1/Gnai2/Gphn/Gsk3b/Hsph1/Jpt1/Klc1/Lztfl1/Mical1/Pafah1b1/Pls3/Ppp1cc/Prkar2a/Stmn1",40
"GO:0098685","GO:0098685","Schaffer collateral - CA1 synapse","10/152","24/1596",0.416666666666667,4.375,5.40345660763242,2.79330563967364e-05,0.00052213328495438,0.000348315035230559,"Akap12/Ncam1/Ppp3ca/Arhgdia/Dpysl2/Capzb/Gsk3b/L1cam/Pafah1b1/Stat3",10
"GO:0015630","GO:0015630","microtubule cytoskeleton","28/152","138/1596",0.202898550724638,2.1304347826087,4.50634911444431,4.07873773487507e-05,0.000707952335410459,0.000472274895617113,"Cep170/Dync1li1/Sncg/Dnm1l/Nudc/Cct8/Birc6/Dpysl2/Kif5b/Chmp4b/Tcp1/Dync1i2/Tbcb/Calml3/Cct5/Cltc/Ola1/Brcc3/Gnai2/Gsk3b/Hsph1/Jpt1/Klc1/Lztfl1/Pafah1b1/Ppp1cc/Prkar2a/Stmn1",28
"GO:0043005","GO:0043005","neuron projection","29/152","154/1596",0.188311688311688,1.97727272727273,4.13820546939109,0.000125767623370273,0.00203743549859842,0.00135917291221207,"Ncam1/Palm/Avil/Ppp3ca/Sncg/Pygb/Dpysl2/Kif5b/Stmn2/Rheb/Park7/Ppp1r2/Capzb/Ckb/Basp1/Coro1a/Glrx3/Gnai2/Gphn/Gsk3b/Impa1/Klc1/L1cam/Mical1/Nedd4/Pafah1b1/Pls3/Ppp1cc/Stmn1",29
"GO:0005938","GO:0005938","cell cortex","13/152","47/1596",0.276595744680851,2.90425531914894,4.29800521907855,0.000255598339210781,0.00388189977676373,0.00258961475253028,"Crip2/Tbcb/Capzb/Arfip2/Capza2/Cltb/Coro1a/Ctbp1/Fnbp1/Gab1/Glrx3/Nedd4/Pafah1b1",13
"GO:0044297","GO:0044297","cell body","22/152","113/1596",0.194690265486726,2.04424778761062,3.73500124660118,0.000570808480904031,0.00815920357998114,0.00544300347115918,"Akap12/Ncam1/Sncg/Cct8/Pcmt1/Dpysl2/Tcp1/Stmn2/Rheb/Park7/Capzb/Cct5/Ckb/Gnai2/Gphn/Gsk3b/Impa1/Klc1/Kng1/L1cam/Pafah1b1/Pitpnm1",22
"GO:0036477","GO:0036477","somatodendritic compartment","23/152","121/1596",0.190082644628099,1.99586776859504,3.69587175203102,0.000607889068667297,0.00820650242700851,0.00547455652483999,"Akap12/Ncam1/Palm/Ppp3ca/Sncg/Pcmt1/Dpysl2/Stmn2/Rheb/Ppp1r2/Capzb/Ckb/Glrx3/Gnai2/Gphn/Gsk3b/Impa1/Klc1/Kng1/L1cam/Nedd4/Pafah1b1/Ppp1cc",23
"GO:0098858","GO:0098858","actin-based cell projection","9/152","29/1596",0.310344827586207,3.25862068965517,3.98131320060732,0.000962363107579413,0.0119520372647194,0.00797320224720289,"Palm/Atp6v1a/Lcp1/Atp6v1b2/Cd44/Coro1a/Nedd4/Pafah1b1/Pls3",9
"GO:0030424","GO:0030424","axon","18/152","88/1596",0.204545454545455,2.14772727272727,3.59250935722948,0.00102895335284312,0.0119520372647194,0.00797320224720289,"Ncam1/Palm/Avil/Sncg/Pygb/Dpysl2/Kif5b/Stmn2/Park7/Ppp1r2/Basp1/Coro1a/Gsk3b/Impa1/Klc1/L1cam/Mical1/Pafah1b1",18
"GO:0030426","GO:0030426","growth cone","10/152","35/1596",0.285714285714286,3,3.88044120326895,0.00103289210929674,0.0119520372647194,0.00797320224720289,"Ncam1/Dpysl2/Kif5b/Stmn2/Ppp1r2/Basp1/Gsk3b/Klc1/L1cam/Pafah1b1",10
"GO:0150034","GO:0150034","distal axon","12/152","48/1596",0.25,2.625,3.70772100115958,0.0012120928352705,0.0128801340291062,0.00859233545801326,"Ncam1/Sncg/Dpysl2/Kif5b/Stmn2/Ppp1r2/Basp1/Gsk3b/Klc1/L1cam/Mical1/Pafah1b1",12
"GO:0098793","GO:0098793","presynapse","17/152","82/1596",0.207317073170732,2.17682926829268,3.54875478093351,0.00121910733608824,0.0128801340291062,0.00859233545801326,"Ncam1/Atp6v1a/Sncg/Dnm1l/Usp5/Dpysl2/Park7/Usp14/Cltc/Atp6v1b2/Atp6v1h/Cltb/Ctbp1/L1cam/Mical1/Phf24/Ppp1cc",17
"GO:0005813","GO:0005813","centrosome","15/152","69/1596",0.217391304347826,2.28260869565217,3.5327893936727,0.00143933068337753,0.0145732231691975,0.00972179496667282,"Cep170/Dync1li1/Sncg/Cct8/Birc6/Kif5b/Tcp1/Dync1i2/Calml3/Cct5/Ola1/Gnai2/Gsk3b/Pafah1b1/Prkar2a",15
"GO:0030672","GO:0030672","synaptic vesicle membrane","7/152","20/1596",0.35,3.675,3.9046239936678,0.00165506899093207,0.0149054969742848,0.00994345477166928,"Atp6v1a/Dnm1l/Cltc/Atp6v1b2/Atp6v1h/Cltb/Phf24",7
"GO:0099501","GO:0099501","exocytic vesicle membrane","7/152","20/1596",0.35,3.675,3.9046239936678,0.00165506899093207,0.0149054969742848,0.00994345477166928,"Atp6v1a/Dnm1l/Cltc/Atp6v1b2/Atp6v1h/Cltb/Phf24",7
"GO:0030427","GO:0030427","site of polarized growth","10/152","37/1596",0.27027027027027,2.83783783783784,3.66862679824216,0.00165616633047609,0.0149054969742848,0.00994345477166928,"Ncam1/Dpysl2/Kif5b/Stmn2/Ppp1r2/Basp1/Gsk3b/Klc1/L1cam/Pafah1b1",10
"GO:0071944","GO:0071944","cell periphery","58/152","439/1596",0.132118451025057,1.3872437357631,3.0907830567283,0.0017433353423143,0.0151296602922276,0.0100929940870828,"Akap12/Ncam1/Palm/Atp6v1a/Ppp3ca/Dnm1l/Crip2/Arhgap1/Arhgdia/Glo1/Pcmt1/Dpysl2/Mapk3/Chmp4b/Rheb/Aip/Tbcb/Park7/Hk1/Lcp1/Capzb/Usp14/Ecm1/Ckb/Clic1/Lum/Cltc/Cdc37/Acp1/Arf5/Arfip2/Atp6v1b2/Basp1/Capza2/Cd44/Cdv3/Cltb/Coro1a/Ctbp1/Efemp1/Fnbp1/Gab1/Glrx3/Gnai2/Gphn/Gsk3b/Kng1/L1cam/Nedd4/Pafah1b1/Pfkm/Pitpnm1/Pls3/Ppp1cc/Ppp6r3/Prkar2a/Prkg1/Stat3",58
"GO:0030658","GO:0030658","transport vesicle membrane","8/152","26/1596",0.307692307692308,3.23076923076923,3.71971815515219,0.0019828073396467,0.0154365599848407,0.0102977268254948,"Atp6v1a/Dnm1l/Cltc/Atp6v1b2/Atp6v1h/Cltb/Phf24/Sec23ip",8
"GO:0098984","GO:0098984","neuron to neuron synapse","10/152","38/1596",0.263157894736842,2.76315789473684,3.56794226987341,0.00206633128583307,0.0154365599848407,0.0102977268254948,"Palm/Dnm1l/Dpysl2/Chmp4b/Rheb/Capzb/Gnai2/Gphn/Gsk3b/Stat3",10
"GO:0014069","GO:0014069","postsynaptic density","9/152","32/1596",0.28125,2.953125,3.61997186278479,0.0020968579870792,0.0154365599848407,0.0102977268254948,"Palm/Dnm1l/Dpysl2/Chmp4b/Rheb/Capzb/Gphn/Gsk3b/Stat3",9
"GO:0099503","GO:0099503","secretory vesicle","12/152","51/1596",0.235294117647059,2.47058823529412,3.46202719086399,0.00214171143715068,0.0154365599848407,0.0102977268254948,"Atp6v1a/Dnm1l/Tcp1/Park7/Cltc/Atp6v1b2/Atp6v1h/Cltb/Gnai2/Hgs/Phf24/Prkg1",12
"GO:0031982","GO:0031982","vesicle","35/152","232/1596",0.150862068965517,1.58405172413793,3.12109263359873,0.00215507234321388,0.0154365599848407,0.0102977268254948,"Atp6v1a/Dync1li1/Dnm1l/Plaa/Scfd1/Birc6/Arhgap1/Kif5b/Mapk3/Chmp4b/Tcp1/Stmn2/Dync1i2/Park7/Uba1/Usp14/Clic1/Tom1/Cltc/Apoa4/Atp6v1b2/Atp6v1h/Cltb/Coro1a/Fnbp1/Gnai2/Hgs/Klc1/L1cam/Mical1/Pafah1b1/Phf24/Prkg1/Sec23ip/Stam",35
"GO:0005815","GO:0005815","microtubule organizing center","16/152","79/1596",0.20253164556962,2.12658227848101,3.33121153493981,0.00221462225596653,0.0154365599848407,0.0102977268254948,"Cep170/Dync1li1/Sncg/Cct8/Birc6/Kif5b/Tcp1/Dync1i2/Calml3/Cct5/Ola1/Gnai2/Gsk3b/Pafah1b1/Ppp1cc/Prkar2a",16
"GO:0098590","GO:0098590","plasma membrane region","20/152","109/1596",0.18348623853211,1.92660550458716,3.25065726345071,0.00224923152313233,0.0154365599848407,0.0102977268254948,"Ncam1/Palm/Atp6v1a/Dnm1l/Pcmt1/Mapk3/Hk1/Lcp1/Cltc/Cdc37/Atp6v1b2/Cd44/Cltb/Ctbp1/Gphn/L1cam/Pfkm/Pitpnm1/Ppp1cc/Prkar2a",20
"GO:0098862","GO:0098862","cluster of actin-based cell projections","7/152","21/1596",0.333333333333333,3.5,3.74048500467191,0.00228689777553196,0.0154365599848407,0.0102977268254948,"Dnm1l/Pcmt1/Capzb/Capza2/Coro1a/Pafah1b1/Pls3",7
"GO:0032279","GO:0032279","asymmetric synapse","9/152","33/1596",0.272727272727273,2.86363636363636,3.50878855604372,0.00265203548156206,0.0174174222167454,0.0116191597200727,"Palm/Dnm1l/Dpysl2/Chmp4b/Rheb/Capzb/Gphn/Gsk3b/Stat3",9
"GO:0098588","GO:0098588","bounding membrane of organelle","27/152","168/1596",0.160714285714286,1.6875,3.05549643045652,0.00301275524864351,0.0192657769847466,0.0128521969055706,"Atp6v1a/Dync1li1/Dnm1l/Tigar/Scfd1/Arhgap1/Kif5b/Chmp4b/Rheb/Uba1/Hk1/Tom1/Cltc/Arfgef1/Atp6v1b2/Atp6v1h/Cltb/Coro1a/Gorasp2/Hgs/Huwe1/Mical1/Phf24/Ppp1cc/Sec23ip/Stam/Tmem79",27
"GO:0101031","GO:0101031","protein folding chaperone complex","5/152","12/1596",0.416666666666667,4.375,3.80632048806912,0.00334609617805854,0.0208487531094417,0.013908200038354,"Cct8/Tcp1/Stip1/Cct5/Cdc37",5
"GO:0005819","GO:0005819","spindle","10/152","41/1596",0.24390243902439,2.5609756097561,3.28428918343683,0.0038085928676985,0.0224441947943804,0.014972518944486,"Cep170/Dync1li1/Sncg/Nudc/Birc6/Chmp4b/Cltc/Brcc3/Gsk3b/Pafah1b1",10
"GO:0098794","GO:0098794","postsynapse","17/152","91/1596",0.186813186813187,1.96153846153846,3.06363941275241,0.00400868410946567,0.0224441947943804,0.014972518944486,"Ncam1/Palm/Ppp3ca/Dnm1l/Dpysl2/Kif5b/Chmp4b/Rheb/Ppp1r2/Capzb/Cltc/Cltb/Gphn/Gsk3b/Nedd4/Ppp1cc/Stat3",17
"GO:0030133","GO:0030133","transport vesicle","9/152","35/1596",0.257142857142857,2.7,3.29837502277861,0.00410875958623529,0.0224441947943804,0.014972518944486,"Atp6v1a/Dnm1l/Park7/Cltc/Atp6v1b2/Atp6v1h/Cltb/Phf24/Sec23ip",9
"GO:0099572","GO:0099572","postsynaptic specialization","9/152","35/1596",0.257142857142857,2.7,3.29837502277861,0.00410875958623529,0.0224441947943804,0.014972518944486,"Palm/Dnm1l/Dpysl2/Chmp4b/Rheb/Capzb/Gphn/Gsk3b/Stat3",9
"GO:0098978","GO:0098978","glutamatergic synapse","18/152","99/1596",0.181818181818182,1.90909090909091,3.02923211908641,0.00418017000040182,0.0224441947943804,0.014972518944486,"Ncam1/Ppp3ca/Numbl/Mapk3/Chmp4b/Rheb/Usp14/Cltc/Coro1a/Ctbp1/Gsk3b/L1cam/Nedd4/Pafah1b1/Phf24/Ppp1cc/Prkar2a/Stat3",18
"GO:0008021","GO:0008021","synaptic vesicle","8/152","29/1596",0.275862068965517,2.89655172413793,3.34308742035729,0.00424869531087037,0.0224441947943804,0.014972518944486,"Atp6v1a/Dnm1l/Park7/Cltc/Atp6v1b2/Atp6v1h/Cltb/Phf24",8
"GO:0070382","GO:0070382","exocytic vesicle","8/152","29/1596",0.275862068965517,2.89655172413793,3.34308742035729,0.00424869531087037,0.0224441947943804,0.014972518944486,"Atp6v1a/Dnm1l/Park7/Cltc/Atp6v1b2/Atp6v1h/Cltb/Phf24",8
"GO:0005925","GO:0005925","focal adhesion","6/152","18/1596",0.333333333333333,3.5,3.45972279367661,0.00476780876316798,0.0246505857329749,0.0164444020051035,"Avil/Prune1/Ptpn12/Mapk3/Rexo2/Lcp1",6
"GO:0019898","GO:0019898","extrinsic component of membrane","7/152","24/1596",0.291666666666667,3.0625,3.30211237133092,0.00532396707865546,0.0264025306145567,0.017613124169988,"Atp6v1a/Cltc/Atp6v1b2/Atp6v1h/Ctbp1/Gnai2/Gphn",7
"GO:0030496","GO:0030496","midbody","7/152","24/1596",0.291666666666667,3.0625,3.30211237133092,0.00532396707865546,0.0264025306145567,0.017613124169988,"Nudc/Birc6/Chmp4b/Gnai2/Mical1/Pitpnm1/Ppp1cc",7
"GO:0030659","GO:0030659","cytoplasmic vesicle membrane","17/152","94/1596",0.180851063829787,1.89893617021277,2.9139114961684,0.0056856876721912,0.0276324420868492,0.0184335979266831,"Atp6v1a/Dync1li1/Dnm1l/Arhgap1/Chmp4b/Uba1/Tom1/Cltc/Atp6v1b2/Atp6v1h/Cltb/Coro1a/Hgs/Mical1/Phf24/Sec23ip/Stam",17
"GO:0012506","GO:0012506","vesicle membrane","17/152","95/1596",0.178947368421053,1.87894736842105,2.86518631236451,0.00635815684484236,0.0300444786415624,0.0200426671466346,"Atp6v1a/Dync1li1/Dnm1l/Arhgap1/Chmp4b/Uba1/Tom1/Cltc/Atp6v1b2/Atp6v1h/Cltb/Coro1a/Hgs/Mical1/Phf24/Sec23ip/Stam",17
"GO:0030055","GO:0030055","cell-substrate junction","6/152","19/1596",0.315789473684211,3.31578947368421,3.29365852017111,0.00642927114963475,0.0300444786415624,0.0200426671466346,"Avil/Prune1/Ptpn12/Mapk3/Rexo2/Lcp1",6
"GO:0043197","GO:0043197","dendritic spine","7/152","25/1596",0.28,2.94,3.17104337682279,0.00681436312172849,0.0306646340477782,0.0204563727240972,"Palm/Ppp3ca/Ppp1r2/Capzb/Gsk3b/Nedd4/Ppp1cc",7
"GO:0044309","GO:0044309","neuron spine","7/152","25/1596",0.28,2.94,3.17104337682279,0.00681436312172849,0.0306646340477782,0.0204563727240972,"Palm/Ppp3ca/Ppp1r2/Capzb/Gsk3b/Nedd4/Ppp1cc",7
"GO:0031410","GO:0031410","cytoplasmic vesicle","30/152","207/1596",0.144927536231884,1.52173913043478,2.60979263352257,0.00870586409404623,0.0377772316938077,0.025201185535397,"Atp6v1a/Dync1li1/Dnm1l/Scfd1/Birc6/Arhgap1/Kif5b/Mapk3/Chmp4b/Tcp1/Stmn2/Park7/Uba1/Usp14/Tom1/Cltc/Atp6v1b2/Atp6v1h/Cltb/Coro1a/Fnbp1/Gnai2/Hgs/Klc1/L1cam/Mical1/Phf24/Prkg1/Sec23ip/Stam",30
"GO:0097708","GO:0097708","intracellular vesicle","30/152","207/1596",0.144927536231884,1.52173913043478,2.60979263352257,0.00870586409404623,0.0377772316938077,0.025201185535397,"Atp6v1a/Dync1li1/Dnm1l/Scfd1/Birc6/Arhgap1/Kif5b/Mapk3/Chmp4b/Tcp1/Stmn2/Park7/Uba1/Usp14/Tom1/Cltc/Atp6v1b2/Atp6v1h/Cltb/Coro1a/Fnbp1/Gnai2/Hgs/Klc1/L1cam/Mical1/Phf24/Prkg1/Sec23ip/Stam",30
"GO:0042383","GO:0042383","sarcolemma","5/152","15/1596",0.333333333333333,3.5,3.15528246759535,0.01001691645954,0.0422597167840268,0.0281914506594764,"Ppp3ca/Cltc/Acp1/Prkar2a/Prkg1",5
"GO:0031252","GO:0031252","cell leading edge","12/152","61/1596",0.19672131147541,2.0655737704918,2.75240786570538,0.0100866813723191,0.0422597167840268,0.0281914506594764,"Palm/Avil/Arhgap1/Stmn2/Lcp1/Capzb/Cdc37/Arfip2/Atp6v1b2/Cd44/Coro1a/Pafah1b1",12
"GO:0098850","GO:0098850","extrinsic component of synaptic vesicle membrane","4/152","10/1596",0.4,4.2,3.2924328629095,0.0105188318386528,0.0432647168609061,0.0288618860583909,"Atp6v1a/Cltc/Atp6v1b2/Atp6v1h",4
"GO:0043025","GO:0043025","neuronal cell body","16/152","92/1596",0.173913043478261,1.82608695652174,2.64736791771882,0.0106826461384953,0.0432647168609061,0.0288618860583909,"Akap12/Ncam1/Sncg/Pcmt1/Dpysl2/Stmn2/Rheb/Capzb/Ckb/Gphn/Gsk3b/Impa1/Klc1/Kng1/L1cam/Pafah1b1",16
"GO:0042734","GO:0042734","presynaptic membrane","6/152","21/1596",0.285714285714286,3,2.99238800373753,0.0109507417944974,0.0436234468207029,0.029101194760183,"Ncam1/Dnm1l/Cltc/Cltb/Ctbp1/L1cam",6
"GO:0005694","GO:0005694","chromosome","14/152","77/1596",0.181818181818182,1.90909090909091,2.65211487600875,0.0113594489924644,0.044521711373691,0.0297004269072923,"Dync1li1/Usp7/Chmp4b/Tcp1/Park7/Uba1/Stat6/Basp1/Cul5/Nedd4/Pafah1b1/Ppp1cc/Stat3/Wbp2",14
"GO:0030425","GO:0030425","dendrite","14/152","78/1596",0.179487179487179,1.88461538461538,2.5982709915921,0.012717766235347,0.048287768674833,0.0322127631618986,"Palm/Ppp3ca/Dpysl2/Rheb/Ppp1r2/Capzb/Ckb/Glrx3/Gnai2/Gphn/Gsk3b/L1cam/Nedd4/Ppp1cc",14
"GO:0097447","GO:0097447","dendritic tree","14/152","78/1596",0.179487179487179,1.88461538461538,2.5982709915921,0.012717766235347,0.048287768674833,0.0322127631618986,"Palm/Ppp3ca/Dpysl2/Rheb/Ppp1r2/Capzb/Ckb/Glrx3/Gnai2/Gphn/Gsk3b/L1cam/Nedd4/Ppp1cc",14
"GO:0005758","GO:0005758","mitochondrial intermembrane space","5/152","16/1596",0.3125,3.28125,2.97456093955807,0.0134714020071766,0.0488589654887152,0.0325938084698382,"Ciapin1/Rexo2/Park7/Ak2/Ccs",5
"GO:0005875","GO:0005875","microtubule associated complex","5/152","16/1596",0.3125,3.28125,2.97456093955807,0.0134714020071766,0.0488589654887152,0.0325938084698382,"Dync1li1/Kif5b/Dync1i2/Klc1/Pafah1b1",5
"GO:0031970","GO:0031970","organelle envelope lumen","5/152","16/1596",0.3125,3.28125,2.97456093955807,0.0134714020071766,0.0488589654887152,0.0325938084698382,"Ciapin1/Rexo2/Park7/Ak2/Ccs",5
"GO:0005929","GO:0005929","cilium","11/152","56/1596",0.196428571428571,2.0625,2.6253132645157,0.0137660748526649,0.0491934733705525,0.0328169586270959,"Cep170/Cct8/Kif5b/Dync1i2/Ak2/Cltb/Klc1/Lztfl1/Pafah1b1/Pfkm/Prkar2a",11
"GO:0005905","GO:0005905","clathrin-coated pit","4/152","11/1596",0.363636363636364,3.81818181818182,3.04207039086736,0.0153223751034851,0.0539614079731431,0.0359976470776003,"Dnm1l/Cltc/Cltb/Fnbp1",4
"GO:0005884","GO:0005884","actin filament","5/152","17/1596",0.294117647058824,3.08823529411765,2.80757501179046,0.0176488516187912,0.0604038161037501,0.0402953765647715,"Avil/Lcp1/Coro1a/Mical1/Pls3",5
"GO:0030665","GO:0030665","clathrin-coated vesicle membrane","5/152","17/1596",0.294117647058824,3.08823529411765,2.80757501179046,0.0176488516187912,0.0604038161037501,0.0402953765647715,"Atp6v1a/Cltc/Atp6v1b2/Atp6v1h/Cltb",5
"GO:0005902","GO:0005902","microvillus","4/152","12/1596",0.333333333333333,3.5,2.81949665782898,0.0213105145661983,0.0701785478421199,0.0468160986254558,"Atp6v1a/Atp6v1b2/Cd44/Nedd4",4
"GO:0031312","GO:0031312","extrinsic component of organelle membrane","4/152","12/1596",0.333333333333333,3.5,2.81949665782898,0.0213105145661983,0.0701785478421199,0.0468160986254558,"Atp6v1a/Cltc/Atp6v1b2/Atp6v1h",4
"GO:0030662","GO:0030662","coated vesicle membrane","6/152","24/1596",0.25,2.625,2.60166429256376,0.0213712450218801,0.0701785478421199,0.0468160986254558,"Atp6v1a/Cltc/Atp6v1b2/Atp6v1h/Cltb/Sec23ip",6
"GO:0031090","GO:0031090","organelle membrane","33/152","249/1596",0.132530120481928,1.39156626506024,2.18142198286384,0.0224856033207622,0.0724407240861275,0.0483251960548566,"Atp6v1a/Dync1li1/Dnm1l/Tigar/Scfd1/Arhgap1/Kif5b/Chmp4b/Rheb/Uba1/Hk1/Clic1/Tom1/Cltc/Ak2/Arfgef1/Arfip2/Atp6v1b2/Atp6v1h/Cltb/Coro1a/Gorasp2/Hgs/Huwe1/Mical1/Pafah1b1/Phf24/Pitpnm1/Ppp1cc/Sec23ip/Stam/Stat3/Tmem79",33
"GO:0070161","GO:0070161","anchoring junction","11/152","60/1596",0.183333333333333,1.925,2.3688648901106,0.0226563581503938,0.0724407240861275,0.0483251960548566,"Ncam1/Avil/Ppp3ca/Prune1/Ptpn12/Mapk3/Rexo2/Uba1/Lcp1/Coro1a/Gab1",11
"GO:0097060","GO:0097060","synaptic membrane","8/152","38/1596",0.210526315789474,2.21052631578947,2.44963200618174,0.0230769742527985,0.0728273343302601,0.0485831036901021,"Ncam1/Palm/Dnm1l/Cltc/Cltb/Ctbp1/Gphn/L1cam",8
"GO:0005794","GO:0005794","Golgi apparatus","21/152","143/1596",0.146853146853147,1.54195804195804,2.20302495997768,0.0244540724857535,0.0761838412056168,0.0508222289177604,"Dnm1l/Scfd1/Birc6/Mapk3/Tcp1/Stmn2/Rheb/Cltc/Arf5/Arfgef1/Arfip2/Cd44/Cltb/Gorasp2/Huwe1/Nedd4/Pitpnm1/Prkg1/Sec23ip/Tbc1d22a/Tmem79",21
