"","Gene","Tissue","Type"
"1","Ncl","DRG","DEP"
"2","Rpsa","DRG","DEP"
"3","Mtdh","DRG","DEP"
"4","Ddx5","DRG","DEP"
"5","Rbm14","DRG","DEP"
"6","Sart3","DRG","DEP"
"7","Rpl24","DRG","DEP"
"8","Rpl4","DRG","DEP"
"9","Trim28","DRG","DEP"
"10","Srrm2","DRG","DEP"
"11","Serbp1","DRG","DEP"
"12","Rpl14","DRG","DEP"
"13","Rpl19","DRG","DEP"
"14","Rpl26","DRG","DEP"
"15","Rpl29","DRG","DEP"
"16","Tceal5","DRG","DEP"
"17","Nono","DRG","DEP"
"18","Rps6","DRG","DEP"
"19","Ilf3","DRG","DEP"
"20","Ktn1","DRG","DEP"
"21","Sf3b1","DRG","DEP"
"22","Hnrnpa3","DRG","DEP"
"23","Rpl7a","DRG","DEP"
"24","Npm1","DRG","DEP"
"25","Son","DRG","DEP"
"26","Gatad2b","DRG","DEP"
"27","Hnrnpa2b1","DRG","DEP"
"28","Rpl13","DRG","DEP"
"29","Dnttip2","DRG","DEP"
"30","Rpl7","DRG","DEP"
"31","Sfpq","DRG","DEP"
"32","Sub1","DRG","DEP"
"33","Rps20","DRG","DEP"
"34","Bclaf1","DRG","DEP"
"35","Dhx9","DRG","DEP"
"36","Ccar2","DRG","DEP"
"37","Thrap3","DRG","DEP"
"38","Snrpd2","DRG","DEP"
"39","Rrbp1","DRG","DEP"
"40","Set","DRG","DEP"
"41","Nucks1","DRG","DEP"
"42","Sun1","DRG","DEP"
"43","Rplp2","DRG","DEP"
"44","Rbm25","DRG","DEP"
"45","Sugp2","DRG","DEP"
"46","Rplp0","DRG","DEP"
"47","Rpl36","DRG","DEP"
"48","Cmas","DRG","DEP"
"49","Sart1","DRG","DEP"
"50","Rps25","DRG","DEP"
"51","Rpl34","DRG","DEP"
"52","Rps8","DRG","DEP"
"53","Chd4","DRG","DEP"
"54","Cfdp1","DRG","DEP"
"55","Atrx","DRG","DEP"
"56","Fip1l1","DRG","DEP"
"57","Rbm10","DRG","DEP"
"58","Pcm1","DRG","DEP"
"59","Psme3","DRG","DEP"
"60","Rab1A","DRG","DEP"
"61","Rpl3","DRG","DEP"
"62","Cpsf7","DRG","DEP"
"63","Fam169a","DRG","DEP"
"64","Nup50","DRG","DEP"
"65","Rpl23a","DRG","DEP"
"66","Ptbp3","DRG","DEP"
"67","Ccar1","DRG","DEP"
"68","Rnf121","DRG","DEP"
"69","Sarnp","DRG","DEP"
"70","Hdgf","DRG","DEP"
"71","Syne2","DRG","DEP"
"72","Prrc2b","DRG","DEP"
"73","Atp2a2","DRG","DEP"
"74","Rps3","DRG","DEP"
"75","Gtf2f2","DRG","DEP"
"76","Ddx46","DRG","DEP"
"77","Tp53bp1","DRG","DEP"
"78","Gtf2a1","DRG","DEP"
"79","Ssb","DRG","DEP"
"80","Hnrnpc","DRG","DEP"
"81","Prkra","DRG","DEP"
"82","Las1l","DRG","DEP"
"83","Safb2","DRG","DEP"
"84","Safb","DRG","DEP"
"85","Sf3a1","DRG","DEP"
"86","Rpl22","DRG","DEP"
"87","Slc1a4","DRG","DEP"
"88","Gcc1","DRG","DEP"
"89","Gtf2i","DRG","DEP"
"90","Elavl4","DRG","DEP"
"91","Sbno1","DRG","DEP"
"92","IntS13","DRG","DEP"
"93","Cic","DRG","DEP"
"94","Ptms","DRG","DEP"
"95","Dkc1","DRG","DEP"
"96","Fam120c","DRG","DEP"
"97","Pcbp4","DRG","DEP"
"98","Psip1","DRG","DEP"
"99","Mta2","DRG","DEP"
"100","Cutc","DRG","DEP"
"101","Stau1","DRG","DEP"
"102","Rbbp6","DRG","DEP"
"103","Exosc10","DRG","DEP"
"104","Phf21a","DRG","DEP"
"105","Aktip","DRG","DEP"
"106","Sltm","DRG","DEP"
"107","Rbm39","DRG","DEP"
"108","Gkap1","DRG","DEP"
"109","Ssrp1","DRG","DEP"
"110","Svil","DRG","DEP"
"111","Cherp","DRG","DEP"
"112","Rnmt","DRG","DEP"
"113","Cux1","DRG","DEP"
"114","Rpl13a","DRG","DEP"
"115","Ythdf3","DRG","DEP"
"116","Matr3","DRG","DEP"
"117","Cbx3","DRG","DEP"
"118","Thumpd1","DRG","DEP"
"119","Prpf4","DRG","DEP"
"120","Stau2","DRG","DEP"
"121","Taf9","DRG","DEP"
"122","Zranb2","DRG","DEP"
"123","Pom121","DRG","DEP"
"124","Nelfe","DRG","DEP"
"125","Snrpa","DRG","DEP"
"126","Polr2a","DRG","DEP"
"127","Steep1","DRG","DEP"
"128","Idh3a","DRG","DEP"
"129","Coil","DRG","DEP"
"130","Khdrbs1","DRG","DEP"
"131","Larp4b","DRG","DEP"
"132","Purg","DRG","DEP"
"133","Speg","DRG","DEP"
"134","Poldip3","DRG","DEP"
"135","Sephs1","DRG","DEP"
"136","Cdc5l","DRG","DEP"
"137","Khsrp","DRG","DEP"
"138","Mecp2","DRG","DEP"
"139","Htatsf1","DRG","DEP"
"140","Wdr33","DRG","DEP"
"141","Cenpv","DRG","DEP"
"142","Cobl","DRG","DEP"
"143","Lmnb1","DRG","DEP"
"144","Slc6a15","DRG","DEP"
"145","Prpf31","DRG","DEP"
"146","Smarcc2","DRG","DEP"
"147","Nop58","DRG","DEP"
"148","Trip12","DRG","DEP"
"149","Rps17","DRG","DEP"
"150","Ppp4r3a","DRG","DEP"
"151","Hnrnpul1","DRG","DEP"
"152","Wbp11","DRG","DEP"
"153","Golga5","DRG","DEP"
"154","Rabl3","DRG","DEP"
"155","Ptbp2","DRG","DEP"
"156","Eif3a","DRG","DEP"
"157","Zfr","DRG","DEP"
"158","Prpf40a","DRG","DEP"
"159","Mbd3","DRG","DEP"
"160","Rprd2","DRG","DEP"
"161","Strbp","DRG","DEP"
"162","Snrpa1","DRG","DEP"
"163","Znf638","DRG","DEP"
"164","Akap9","DRG","DEP"
"165","Rps10","DRG","DEP"
"166","Ppm1g","DRG","DEP"
"167","Rbm12","DRG","DEP"
"168","Mtcl1","DRG","DEP"
"169","Ppig","DRG","DEP"
"170","Stx5","DRG","DEP"
"171","Stim2","DRG","DEP"
"172","Pnn","DRG","DEP"
"173","Phf2","DRG","DEP"
"174","Ctif","DRG","DEP"
"175","Pabpn1","DRG","DEP"
"176","Dr1","DRG","DEP"
"177","Ylpm1","DRG","DEP"
"178","Sphk2","DRG","DEP"
"179","Eif4enif1","DRG","DEP"
"180","Larp4","DRG","DEP"
"181","Phrf1","DRG","DEP"
"182","Mmtag2","DRG","DEP"
"183","Gcn1","DRG","DEP"
"184","Hnrnpf","DRG","DEP"
"185","Arglu1","DRG","DEP"
"186","Fkbp2","DRG","DEP"
"187","Ppp1r10","DRG","DEP"
"188","Nectin2","DRG","DEP"
"189","Arid1b","DRG","DEP"
"190","Rbms3","DRG","DEP"
"191","Adnp","DRG","DEP"
"192","Rps21","DRG","DEP"
"193","Cdkn2aip","DRG","DEP"
"194","Hells","DRG","DEP"
"195","Lemd3","DRG","DEP"
"196","Slc30a5","DRG","DEP"
"197","Igf2r","DRG","DEP"
"198","Fam193a","DRG","DEP"
"199","Eif2b1","DRG","DEP"
"200","Zc3h4","DRG","DEP"
"201","Hdgfl2","DRG","DEP"
"202","Api5","DRG","DEP"
"203","Snw1","DRG","DEP"
"204","Elavl3","DRG","DEP"
"205","Hook3","DRG","DEP"
"206","Uba2","DRG","DEP"
"207","Cttnbp2nl","DRG","DEP"
"208","Celf2","DRG","DEP"
"209","Smap","DRG","DEP"
"210","Gemin5","DRG","DEP"
"211","Nfic","DRG","DEP"
"212","Zcchc17","DRG","DEP"
"213","Rbms1","DRG","DEP"
"214","Epdr1","DRG","DEP"
"215","Raly","DRG","DEP"
"216","Msh6","DRG","DEP"
"217","Mepce","DRG","DEP"
"218","Rpl10","DRG","DEP"
"219","Fen1","DRG","DEP"
"220","Ncor1","DRG","DEP"
"221","Dazap1","DRG","DEP"
"222","Ralyl","DRG","DEP"
"223","Wapl","DRG","DEP"
"224","Dnajc16","DRG","DEP"
"225","Phka2","DRG","DEP"
"226","Wdr59","DRG","DEP"
"227","Rbm22","DRG","DEP"
"228","Paxip1","DRG","DEP"
"229","Ahctf1","DRG","DEP"
"230","Ubxn7","DRG","DEP"
"231","Fhip1b","DRG","DEP"
"232","Myo1b","DRG","DEP"
"233","Eif3e","DRG","DEP"
"234","Rpl28","DRG","DEP"
"235","Mdm1","DRG","DEP"
"236","Gtf2b","DRG","DEP"
"237","Cnot8","DRG","DEP"
"238","Exosc8","DRG","DEP"
"239","Elavl2","DRG","DEP"
"240","Mybbp1a","DRG","DEP"
"241","Iws1","DRG","DEP"
"242","Rbfox3","DRG","DEP"
"243","Cdk11b","DRG","DEP"
"244","Ints12","DRG","DEP"
"245","Tnrc6a","DRG","DEP"
"246","Slc30a6","DRG","DEP"
"247","Paxbp1","DRG","DEP"
"248","Rragb","DRG","DEP"
"249","Ssr1","DRG","DEP"
"250","Fbl","DRG","DEP"
"251","Snrpe","DRG","DEP"
"252","Dek","DRG","DEP"
"253","Spats2l","DRG","DEP"
"254","Surf6","DRG","DEP"
"255","Celf1","DRG","DEP"
"256","Crocc","DRG","DEP"
"257","Ddx3y","DRG","DEP"
"258","Cpeb4","DRG","DEP"
"259","Polr2d","DRG","DEP"
"260","Lsm14b","DRG","DEP"
"261","Zc3h11a","DRG","DEP"
"262","Golga1","DRG","DEP"
"263","Btf3l4","DRG","DEP"
"264","Bicra","DRG","DEP"
"265","Isy1","DRG","DEP"
"266","Hmbox1","DRG","DEP"
"267","Ncoa2","DRG","DEP"
"268","Mta1","DRG","DEP"
"269","Mbd2","DRG","DEP"
"270","H4c1","DRG","DEP"
"271","Pals2","DRG","DEP"
"272","Ece1","DRG","DEP"
"273","Gosr1","DRG","DEP"
"274","Ctsd","DRG","DEP"
"275","Jakmip1","DRG","DEP"
"276","Vamp4","DRG","DEP"
"277","Taf9b","DRG","DEP"
"278","Hmga1","DRG","DEP"
"279","Casz1","DRG","DEP"
"280","Rbm26","DRG","DEP"
"281","Gtpbp1","DRG","DEP"
"282","Rps6ka5","DRG","DEP"
"283","Copg1","DRG","DEP"
"284","Itgb6","DRG","DEP"
"285","Smarca2","DRG","DEP"
"286","Erh","DRG","DEP"
"287","Dido1","DRG","DEP"
"288","Qrich1","DRG","DEP"
"289","Mat2a","DRG","DEP"
"290","Ganc","DRG","DEP"
"291","Farp1","DRG","DEP"
"292","Prpf8","DRG","DEP"
"293","Psma2","DRG","DEP"
"294","Smarce1","DRG","DEP"
"295","Rpl17","DRG","DEP"
"296","Ddx39b","DRG","DEP"
"297","Ncbp3","DRG","DEP"
"298","Znf592","DRG","DEP"
"299","Nacc1","DRG","DEP"
"300","Polr3f","DRG","DEP"
"301","Rasa2","DRG","DEP"
"302","Papola","DRG","DEP"
"303","Lin54","DRG","DEP"
"304","Zc3h14","DRG","DEP"
"305","Med1","DRG","DEP"
"306","Cpsf6","DRG","DEP"
"307","Wac","DRG","DEP"
"308","Pml","DRG","DEP"
"309","Crybg3","DRG","DEP"
"310","Toe1","DRG","DEP"
"311","Rnf213","DRG","DEP"
"312","Atxn1l","DRG","DEP"
"313","Epb41l4b","DRG","DEP"
"314","Ankfy1","DRG","DEP"
"315","Gtf3c5","DRG","DEP"
"316","Zc3h18","DRG","DEP"
"317","Prpf4b","DRG","DEP"
"318","Tet1","DRG","DEP"
"319","Prpf40b","DRG","DEP"
"320","Hcfc2","DRG","DEP"
"321","Supt5h","DRG","DEP"
"322","Cand1","DRG","DEP"
"323","Zfp91","DRG","DEP"
"324","Nkrf","DRG","DEP"
"325","Raver1","DRG","DEP"
"326","Anp32e","DRG","DEP"
"327","Fcho2","DRG","DEP"
"328","Psme2","DRG","DEP"
"329","Ddx21","DRG","DEP"
"330","Rack1","DRG","DEP"
"331","Sh3d19","DRG","DEP"
"332","Fnbp4","DRG","DEP"
"333","Fam135a","DRG","DEP"
"334","Kif7","DRG","DEP"
"335","Pold1","DRG","DEP"
"336","Znf687","DRG","DEP"
"337","Cwc15","DRG","DEP"
"338","Smarca4","DRG","DEP"
"339","Hspd1","DRG","DEP"
"340","Znf280c","DRG","DEP"
"341","Srsf2","DRG","DEP"
"342","Lrba","DRG","DEP"
"343","Ckap4","DRG","DEP"
"344","Rpl11","DRG","DEP"
"345","Rps13","DRG","DEP"
"346","Alg13","DRG","DEP"
"347","Xrcc5","DRG","DEP"
"348","Rps28","DRG","DEP"
"349","Rbm28","DRG","DEP"
"350","Sumo2","DRG","DEP"
"351","Pdia6","DRG","DEP"
"352","H2ac11","DRG","DEP"
"353","Smarca5","DRG","DEP"
"354","Snrnp70","DRG","DEP"
"355","Has1","DRG","DEP"
"356","Zg16","DRG","DEP"
"357","S100a11","DRG","DEP"
"358","Hal","DRG","DEP"
"359","Zmym4","DRG","DEP"
"360","Nipbl","DRG","DEP"
"361","Rps26","DRG","DEP"
"362","Trim24","DRG","DEP"
"363","Usp6nl","DRG","DEP"
"364","Cdk9","DRG","DEP"
"365","Immt","DRG","DEP"
"366","Cdc73","DRG","DEP"
"367","Hmgb1","DRG","DEP"
"368","Eftud2","DRG","DEP"
"369","Srsf3","DRG","DEP"
"370","Acaa1a","DRG","DEP"
"371","Arid2","DRG","DEP"
"372","Ep400","DRG","DEP"
"373","Ilf2","DRG","DEP"
"374","Top1","DRG","DEP"
"375","Thoc2","DRG","DEP"
"376","Lrch3","DRG","DEP"
"377","Srsf7","DRG","DEP"
"378","Krt77","DRG","DEP"
"379","Jam3","SCN","DEP"
"380","Tpm2","SCN","DEP"
"381","Prdx2","SCN","DEP"
"382","Fat2","SCN","DEP"
"383","Col1a2","SCN","DEP"
"384","Col1a1","SCN","DEP"
"385","Mbp","SCN","DEP"
"386","Col5a1","SCN","DEP"
"387","Col11a1","SCN","DEP"
"388","Dennd4b","SCN","DEP"
"389","Col3a1","SCN","DEP"
"390","Npepps","SCN","DEP"
"391","Col2a1","SCN","DEP"
"392","Sprr1b","SCN","DEP"
"393","Swap70","LSC","DEP"
"394","Sipa1l1","LSC","DEP"
"395","Bsn","LSC","DEP"
"396","Tnpo1","LSC","DEP"
"397","Sorbs2","LSC","DEP"
"398","Itih2","LSC","DEP"
"399","Srsf6","LSC","DEP"
"400","Tmpo","LSC","DEP"
"401","Lpp","LSC","DEP"
"402","Ctnnd2","LSC","DEP"
"403","Kcnj10","LSC","DEP"
"404","Syngr1","LSC","DEP"
"405","Gbp2","LSC","DEP"
"406","Mylk","LSC","DEP"
"407","Mtnd3","LSC","DEP"
"408","Rhog","LSC","DEP"
"409","Sv2a","LSC","DEP"
"410","Slc7a2","LSC","DEP"
"411","Tjp2","LSC","DEP"
"412","Limd1","LSC","DEP"
"413","Slc6a5","LSC","DEP"
"414","Syn3","LSC","DEP"
"415","Tnr","LSC","DEP"
"416","Hsd17b11","LSC","DEP"
"417","Bsg","LSC","DEP"
"418","Ppia","LSC","DEP"
"419","Sccpdh","LSC","DEP"
"420","Gpm6a","LSC","DEP"
"421","Ywhah","LSC","DEP"
"422","Septin2","LSC","DEP"
"423","Rab33b","LSC","DEP"
"424","Ndrg1","LSC","DEP"
"425","Gnaz","LSC","DEP"
"426","Mthfd1","LSC","DEP"
"427","Ncam2","LSC","DEP"
"428","Nfasc","LSC","DEP"
"429","Septin8","LSC","DEP"
"430","Tsc22d4","LSC","DEP"
"431","Sdhc","LSC","DEP"
"432","Tufm","LSC","DEP"
"433","Pkp4","LSC","DEP"
"434","Slc32a1","LSC","DEP"
"435","Gltp","LSC","DEP"
"436","Ndufa7","LSC","DEP"
"437","Sod2","LSC","DEP"
"438","Cacng2","LSC","DEP"
"439","Mog","LSC","DEP"
"440","Adh5","LSC","DEP"
"441","Acsbg1","LSC","DEP"
"442","Fis1","LSC","DEP"
"443","Mtatp8","LSC","DEP"
"444","Pdia3","LSC","DEP"
"445","Dag1","LSC","DEP"
"446","Omg","LSC","DEP"
"447","Abhd16a","LSC","DEP"
"448","Slc27a1","LSC","DEP"
"449","Atp5po","LSC","DEP"
"450","Hsd17b4","LSC","DEP"
"451","Cox6c","LSC","DEP"
"452","Svop","LSC","DEP"
"453","Ckmt1","LSC","DEP"
"454","Atp5mf","LSC","DEP"
"455","Bdh1","LSC","DEP"
"456","Mtnd5","LSC","DEP"
"457","Slc20a2","LSC","DEP"
"458","Lgi1","LSC","DEP"
"459","Ndufb10","LSC","DEP"
"460","Prrt3","LSC","DEP"
"461","Slc25a1","LSC","DEP"
"462","Rpl27","LSC","DEP"
"463","Psat1","LSC","DEP"
"464","Flna","LSC","DEP"
"465","Abcg2","LSC","DEP"
"466","Trp53i11","LSC","DEP"
"467","Pgk1","LSC","DEP"
"468","Gpr37l1","LSC","DEP"
"469","Glra1","LSC","DEP"
"470","Slc6a1","LSC","DEP"
"471","Gpm6b","LSC","DEP"
"472","Mt-Cyb","LSC","DEP"
"473","Gpd1","LSC","DEP"
"474","Lgi3","LSC","DEP"
"475","Mtnd4","LSC","DEP"
"476","Rps4x","LSC","DEP"
"477","Gatd3a","LSC","DEP"
"478","Stard9","LSC","DEP"
"479","Bcan","LSC","DEP"
"480","Sypl1","LSC","DEP"
"481","Adam23","LSC","DEP"
"482","Cd81","LSC","DEP"
"483","Mcu","LSC","DEP"
"484","Tex13c1","LSC","DEP"
"485","Gnaq","LSC","DEP"
"486","Slc6a6","LSC","DEP"
"487","Atp1b2","LSC","DEP"
"488","Tspan2","LSC","DEP"
"489","Slc30a1","LSC","DEP"
"490","Chpt1","LSC","DEP"
"491","Gnai1","LSC","DEP"
"492","Hcn2","LSC","DEP"
"493","Rab3b","LSC","DEP"
"494","C2cd4c","LSC","DEP"
"495","Fscn1","LSC","DEP"
"496","Lonp1","LSC","DEP"
"497","Ndufa3","LSC","DEP"
"498","Dock1","LSC","DEP"
"499","Eno3","LSC","DEP"
"500","Glrb","LSC","DEP"
"501","Adgrl1","LSC","DEP"
"502","Actn4","LSC","DEP"
"503","Igsf8","LSC","DEP"
"504","Mtnd1","LSC","DEP"
"505","Sfxn5","LSC","DEP"
"506","Slc25a25","LSC","DEP"
"507","Dynlt3","LSC","DEP"
"508","Slc4a1","LSC","DEP"
"509","Dab2","LSC","DEP"
"510","Atp6v0a1","LSC","DEP"
"511","Tmem160","LSC","DEP"
"512","Slc25a18","LSC","DEP"
"513","Eci1","LSC","DEP"
"514","Mlc1","LSC","DEP"
"515","Pgd","LSC","DEP"
"516","Padi2","LSC","DEP"
"517","Serinc5","LSC","DEP"
"518","Abcb7","LSC","DEP"
"519","Thy1","LSC","DEP"
"520","Gnb2","LSC","DEP"
"521","Akr1b1","LSC","DEP"
"522","Elfn1","LSC","DEP"
"523","Agpat5","LSC","DEP"
"524","Clcn2","LSC","DEP"
"525","Lclat1","LSC","DEP"
"526","Cep152","LSC","DEP"
"527","Ndufs6","LSC","DEP"
"528","Sfn","LSC","DEP"
"529","Timm22","LSC","DEP"
"530","Cit","LSC","DEP"
"531","Cldn11","LSC","DEP"
"532","Kmt2a","LSC","DEP"
"533","Mtch2","LSC","DEP"
"534","Cdc42ep1","LSC","DEP"
"535","Agk","LSC","DEP"
"536","Mobp","LSC","DEP"
"537","Aldh1a1","LSC","DEP"
"538","Itpa","LSC","DEP"
"539","S1pr5","LSC","DEP"
"540","Gnai3","LSC","DEP"
"541","Zmpste24","LSC","DEP"
"542","Cox7c","LSC","DEP"
"543","Pde1b","LSC","DEP"
"544","Pdxp","LSC","DEP"
"545","Gabra3","LSC","DEP"
"546","Abcb8","LSC","DEP"
"547","Slc6a9","LSC","DEP"
"548","Uqcrb","LSC","DEP"
"549","Slc30a3","LSC","DEP"
"550","Acsf2","LSC","DEP"
"551","Erp29","LSC","DEP"
"552","Maob","LSC","DEP"
"553","Pgp","LSC","DEP"
"554","Tbc1d24","LSC","DEP"
"555","Ttyh1","LSC","DEP"
"556","Lta4h","LSC","DEP"
"557","Mthfd1l","LSC","DEP"
"558","S1pr1","LSC","DEP"
"559","Ndufs5","LSC","DEP"
"560","Ppib","LSC","DEP"
"561","Lrp1","LSC","DEP"
"562","Wrn","LSC","DEP"
"563","Tmem94","LSC","DEP"
"564","Gad1","LSC","DEP"
"565","Jup","LSC","DEP"
"566","Dynll2","LSC","DEP"
"567","Krt79","LSC","DEP"
"568","Acot11","LSC","DEP"
"569","Ezr","LSC","DEP"
"570","Fahd2","LSC","DEP"
"571","Fn1","paw","DEP"
"572","Cgnl1","paw","DEP"
"573","Znf185","paw","DEP"
"574","Tgm2","paw","DEP"
"575","Scel","paw","DEP"
"576","Ecm1","paw","DEP"
"577","Tns2","paw","DEP"
"578","Calml3","paw","DEP"
"579","Anp32a","paw","DEP"
"580","Pccb","paw","DEP"
"581","Mks1","paw","DEP"
"582","Flg","paw","DEP"
"583","Pcdh12","paw","DEP"
"584","Jund","paw","DEP"
"585","Fga","paw","DEP"
"586","H1-2","paw","DEP"
"587","Postn","paw","DEP"
"588","Atp2a1","paw","DEP"
"589","Cysrt1","paw","DEP"
"590","Pa2g4","paw","DEP"
"591","Krt25","paw","DEP"
"592","Col4a1","paw","DEP"
"593","Aagab","DRG","75% Filter"
"594","Abca3","DRG","75% Filter"
"595","Abca6","DRG","75% Filter"
"596","Abhd13","DRG","75% Filter"
"597","Abhd2","DRG","75% Filter"
"598","Acbd3","DRG","75% Filter"
"599","Actl6a","DRG","75% Filter"
"600","Actr1a","DRG","75% Filter"
"601","Adar","DRG","75% Filter"
"602","Adgrl2","DRG","75% Filter"
"603","Aff4","DRG","75% Filter"
"604","Ago3","DRG","75% Filter"
"605","Ahdc1","DRG","75% Filter"
"606","Ahsg","DRG","75% Filter"
"607","Aimp2","DRG","75% Filter"
"608","Ak5","DRG","75% Filter"
"609","Akap5","DRG","75% Filter"
"610","Akap8","DRG","75% Filter"
"611","Akap8l","DRG","75% Filter"
"612","Akr1e2","DRG","75% Filter"
"613","Akt1s1","DRG","75% Filter"
"614","Akt2","DRG","75% Filter"
"615","Aldh1b1","DRG","75% Filter"
"616","Alyref","DRG","75% Filter"
"617","Amacr","DRG","75% Filter"
"618","Amfr","DRG","75% Filter"
"619","Amigo3","DRG","75% Filter"
"620","Amotl1","DRG","75% Filter"
"621","Anapc4","DRG","75% Filter"
"622","Ankrd10","DRG","75% Filter"
"623","Ankrd55","DRG","75% Filter"
"624","Ankrd9","DRG","75% Filter"
"625","Anks3","DRG","75% Filter"
"626","Ankzf1","DRG","75% Filter"
"627","Ano6","DRG","75% Filter"
"628","Anp32b","DRG","75% Filter"
"629","Ap3m1","DRG","75% Filter"
"630","Ap4m1","DRG","75% Filter"
"631","Ap5b1","DRG","75% Filter"
"632","Ap5z1","DRG","75% Filter"
"633","Apba2","DRG","75% Filter"
"634","Apeh","DRG","75% Filter"
"635","Apip","DRG","75% Filter"
"636","Aplf","DRG","75% Filter"
"637","App","DRG","75% Filter"
"638","Ar","DRG","75% Filter"
"639","Arhgap22","DRG","75% Filter"
"640","Arhgef28","DRG","75% Filter"
"641","Arhgef3","DRG","75% Filter"
"642","Arid1a","DRG","75% Filter"
"643","Arl2bp","DRG","75% Filter"
"644","Arl4c","DRG","75% Filter"
"645","Arl6ip4","DRG","75% Filter"
"646","Armc8","DRG","75% Filter"
"647","Armcx5","DRG","75% Filter"
"648","Arpc4","DRG","75% Filter"
"649","Arpp21","DRG","75% Filter"
"650","Ascc1","DRG","75% Filter"
"651","Ascc3","DRG","75% Filter"
"652","Asic1","DRG","75% Filter"
"653","Asph","DRG","75% Filter"
"654","Atf2","DRG","75% Filter"
"655","Atf7","DRG","75% Filter"
"656","Atf7ip","DRG","75% Filter"
"657","Atg4a","DRG","75% Filter"
"658","Atn1","DRG","75% Filter"
"659","Atp13a2","DRG","75% Filter"
"660","Atp2c1","DRG","75% Filter"
"661","Atp5f1c","DRG","75% Filter"
"662","Atp5pd","DRG","75% Filter"
"663","Atrip","DRG","75% Filter"
"664","Atxn1","DRG","75% Filter"
"665","Atxn7l3b","DRG","75% Filter"
"666","Aup1","DRG","75% Filter"
"667","Auts2","DRG","75% Filter"
"668","Babam1","DRG","75% Filter"
"669","Bad","DRG","75% Filter"
"670","Banf1","DRG","75% Filter"
"671","Bap18","DRG","75% Filter"
"672","Bax","DRG","75% Filter"
"673","Baz2b","DRG","75% Filter"
"674","Bbs9","DRG","75% Filter"
"675","Bcap29","DRG","75% Filter"
"676","Bcas2","DRG","75% Filter"
"677","Bcat2","DRG","75% Filter"
"678","Bcl7b","DRG","75% Filter"
"679","Begain","DRG","75% Filter"
"680","Bend6","DRG","75% Filter"
"681","Bet1","DRG","75% Filter"
"682","Bet1l","DRG","75% Filter"
"683","Bfar","DRG","75% Filter"
"684","Bicd2","DRG","75% Filter"
"685","Bicral","DRG","75% Filter"
"686","Blm","DRG","75% Filter"
"687","Bloc1s1","DRG","75% Filter"
"688","Bloc1s5","DRG","75% Filter"
"689","Blzf1","DRG","75% Filter"
"690","Bnip3l","DRG","75% Filter"
"691","Bod1","DRG","75% Filter"
"692","Bod1l","DRG","75% Filter"
"693","Bop1","DRG","75% Filter"
"694","Borcs7","DRG","75% Filter"
"695","Bpifc","DRG","75% Filter"
"696","Brd9","DRG","75% Filter"
"697","Brf1","DRG","75% Filter"
"698","Bri3bp","DRG","75% Filter"
"699","Brix1","DRG","75% Filter"
"700","Bscl2","DRG","75% Filter"
"701","Btf3","DRG","75% Filter"
"702","Bysl","DRG","75% Filter"
"703","Bzw2","DRG","75% Filter"
"704","CEFIP","DRG","75% Filter"
"705","Ca2","DRG","75% Filter"
"706","Caap1","DRG","75% Filter"
"707","Cacng5","DRG","75% Filter"
"708","Cacng7","DRG","75% Filter"
"709","Calca","DRG","75% Filter"
"710","Calu","DRG","75% Filter"
"711","Camta2","DRG","75% Filter"
"712","Caprin2","DRG","75% Filter"
"713","Carm1","DRG","75% Filter"
"714","Casc3","DRG","75% Filter"
"715","Castor2","DRG","75% Filter"
"716","Cbll1","DRG","75% Filter"
"717","Ccdc136","DRG","75% Filter"
"718","Ccdc174","DRG","75% Filter"
"719","Ccdc186","DRG","75% Filter"
"720","Ccdc32","DRG","75% Filter"
"721","Ccdc47","DRG","75% Filter"
"722","Ccdc86","DRG","75% Filter"
"723","Ccdc9b","DRG","75% Filter"
"724","Ccm2","DRG","75% Filter"
"725","Ccna1","DRG","75% Filter"
"726","Ccnk","DRG","75% Filter"
"727","Ccnt1","DRG","75% Filter"
"728","Ccnt2","DRG","75% Filter"
"729","Ccsap","DRG","75% Filter"
"730","Ccser1","DRG","75% Filter"
"731","Cd2bp2","DRG","75% Filter"
"732","Cda","DRG","75% Filter"
"733","Cdc123","DRG","75% Filter"
"734","Cdc26","DRG","75% Filter"
"735","Cdc40","DRG","75% Filter"
"736","Cdk12","DRG","75% Filter"
"737","Cdk13","DRG","75% Filter"
"738","Cdk17","DRG","75% Filter"
"739","Cdk2ap1","DRG","75% Filter"
"740","Cdk5rap2","DRG","75% Filter"
"741","Cdk5rap3","DRG","75% Filter"
"742","Cdk7","DRG","75% Filter"
"743","Cdkal1","DRG","75% Filter"
"744","Cdkl5","DRG","75% Filter"
"745","Cdkn2d","DRG","75% Filter"
"746","Cdpf1","DRG","75% Filter"
"747","Cebpz","DRG","75% Filter"
"748","Celf4","DRG","75% Filter"
"749","Celf6","DRG","75% Filter"
"750","Celsr2","DRG","75% Filter"
"751","Cep104","DRG","75% Filter"
"752","Cep162","DRG","75% Filter"
"753","Cep164","DRG","75% Filter"
"754","Cep20","DRG","75% Filter"
"755","Cep350","DRG","75% Filter"
"756","Cep43","DRG","75% Filter"
"757","Cep68","DRG","75% Filter"
"758","Cerk","DRG","75% Filter"
"759","Cers2","DRG","75% Filter"
"760","Cers4","DRG","75% Filter"
"761","Cert1","DRG","75% Filter"
"762","Cetn4","DRG","75% Filter"
"763","Cfap54","DRG","75% Filter"
"764","Chac2","DRG","75% Filter"
"765","Chchd2","DRG","75% Filter"
"766","Chchd3","DRG","75% Filter"
"767","Chchd4","DRG","75% Filter"
"768","Chchd6","DRG","75% Filter"
"769","Chd6","DRG","75% Filter"
"770","Chd8","DRG","75% Filter"
"771","Chid1","DRG","75% Filter"
"772","Chka","DRG","75% Filter"
"773","Chm","DRG","75% Filter"
"774","Chmp1b1","DRG","75% Filter"
"775","Chn1","DRG","75% Filter"
"776","Chtop","DRG","75% Filter"
"777","Ciao2b","DRG","75% Filter"
"778","Cir1","DRG","75% Filter"
"779","Cirbp","DRG","75% Filter"
"780","Cisd3","DRG","75% Filter"
"781","Cks2","DRG","75% Filter"
"782","Clcn6","DRG","75% Filter"
"783","Clcn7","DRG","75% Filter"
"784","Clip4","DRG","75% Filter"
"785","Clvs2","DRG","75% Filter"
"786","Cnbp","DRG","75% Filter"
"787","Cnep1r1","DRG","75% Filter"
"788","Cnot1","DRG","75% Filter"
"789","Cnot10","DRG","75% Filter"
"790","Cnot11","DRG","75% Filter"
"791","Coa3","DRG","75% Filter"
"792","Coa7","DRG","75% Filter"
"793","Cog2","DRG","75% Filter"
"794","Cog3","DRG","75% Filter"
"795","Cog5","DRG","75% Filter"
"796","Cog6","DRG","75% Filter"
"797","Cog7","DRG","75% Filter"
"798","Commd3","DRG","75% Filter"
"799","Commd7","DRG","75% Filter"
"800","Cope","DRG","75% Filter"
"801","Cops2","DRG","75% Filter"
"802","Cops6","DRG","75% Filter"
"803","Cops7b","DRG","75% Filter"
"804","Copz2","DRG","75% Filter"
"805","Coro6","DRG","75% Filter"
"806","Cox15","DRG","75% Filter"
"807","Cox19","DRG","75% Filter"
"808","Cox5a","DRG","75% Filter"
"809","Cpd","DRG","75% Filter"
"810","Cpeb1","DRG","75% Filter"
"811","Cpeb3","DRG","75% Filter"
"812","Cpsf1","DRG","75% Filter"
"813","Cpsf2","DRG","75% Filter"
"814","Cpsf3","DRG","75% Filter"
"815","Cpsf4","DRG","75% Filter"
"816","Cradd","DRG","75% Filter"
"817","Crcp","DRG","75% Filter"
"818","Creb1","DRG","75% Filter"
"819","Crebbp","DRG","75% Filter"
"820","Crlf3","DRG","75% Filter"
"821","Csnk1g1","DRG","75% Filter"
"822","Csnk1g3","DRG","75% Filter"
"823","Csnk2a1","DRG","75% Filter"
"824","Cspp1","DRG","75% Filter"
"825","Csrp2","DRG","75% Filter"
"826","Cstf3","DRG","75% Filter"
"827","Ctr9","DRG","75% Filter"
"828","Ctsb","DRG","75% Filter"
"829","Cul4a","DRG","75% Filter"
"830","Custos","DRG","75% Filter"
"831","Cuta","DRG","75% Filter"
"832","Cwc25","DRG","75% Filter"
"833","Cwc27","DRG","75% Filter"
"834","Cwf19l2","DRG","75% Filter"
"835","Cyb5b","DRG","75% Filter"
"836","Cyb5r4","DRG","75% Filter"
"837","Cyp2c29","DRG","75% Filter"
"838","Dapk1","DRG","75% Filter"
"839","Dbndd2","DRG","75% Filter"
"840","Dcaf1","DRG","75% Filter"
"841","Dcaf5","DRG","75% Filter"
"842","Dcaf8","DRG","75% Filter"
"843","Dcp1a","DRG","75% Filter"
"844","Dcp1b","DRG","75% Filter"
"845","Dcp2","DRG","75% Filter"
"846","Dcps","DRG","75% Filter"
"847","Dcun1d5","DRG","75% Filter"
"848","Dcx","DRG","75% Filter"
"849","Ddx18","DRG","75% Filter"
"850","Ddx20","DRG","75% Filter"
"851","Ddx31","DRG","75% Filter"
"852","Ddx41","DRG","75% Filter"
"853","Ddx50","DRG","75% Filter"
"854","Ddx51","DRG","75% Filter"
"855","Dennd1a","DRG","75% Filter"
"856","Dgcr8","DRG","75% Filter"
"857","Dgkd","DRG","75% Filter"
"858","Dguok","DRG","75% Filter"
"859","Dhps","DRG","75% Filter"
"860","Dhrs13","DRG","75% Filter"
"861","Dhx29","DRG","75% Filter"
"862","Dhx30","DRG","75% Filter"
"863","Dhx32","DRG","75% Filter"
"864","Diaph1","DRG","75% Filter"
"865","Dicer1","DRG","75% Filter"
"866","Dmac2l","DRG","75% Filter"
"867","Dmap1","DRG","75% Filter"
"868","Dnaaf4","DRG","75% Filter"
"869","Dnaja1","DRG","75% Filter"
"870","Dnajb12","DRG","75% Filter"
"871","Dnajb14","DRG","75% Filter"
"872","Dnajc1","DRG","75% Filter"
"873","Dnajc17","DRG","75% Filter"
"874","Dnajc2","DRG","75% Filter"
"875","Dnajc21","DRG","75% Filter"
"876","Dnajc8","DRG","75% Filter"
"877","Dner","DRG","75% Filter"
"878","Dnlz","DRG","75% Filter"
"879","Dock2","DRG","75% Filter"
"880","Dolpp1","DRG","75% Filter"
"881","Dop1a","DRG","75% Filter"
"882","Dop1b","DRG","75% Filter"
"883","Dpf2","DRG","75% Filter"
"884","Dpm1","DRG","75% Filter"
"885","Dpp10","DRG","75% Filter"
"886","Dpp9","DRG","75% Filter"
"887","Dpy30","DRG","75% Filter"
"888","Drap1","DRG","75% Filter"
"889","Drg1","DRG","75% Filter"
"890","Dtd1","DRG","75% Filter"
"891","Dtnbp1","DRG","75% Filter"
"892","Dus2","DRG","75% Filter"
"893","Dus3l","DRG","75% Filter"
"894","Dusp12","DRG","75% Filter"
"895","Dync2i1","DRG","75% Filter"
"896","Dynll1","DRG","75% Filter"
"897","Ebag9","DRG","75% Filter"
"898","Ebf1","DRG","75% Filter"
"899","Ebp","DRG","75% Filter"
"900","Ecd","DRG","75% Filter"
"901","Ech1","DRG","75% Filter"
"902","Edf1","DRG","75% Filter"
"903","Eef1e1","DRG","75% Filter"
"904","Egln1","DRG","75% Filter"
"905","Ehbp1l1","DRG","75% Filter"
"906","Ehmt1","DRG","75% Filter"
"907","Eif1","DRG","75% Filter"
"908","Eif1a","DRG","75% Filter"
"909","Eif1ax","DRG","75% Filter"
"910","Eif2ak3","DRG","75% Filter"
"911","Eif2ak4","DRG","75% Filter"
"912","Eif2b2","DRG","75% Filter"
"913","Eif2b4","DRG","75% Filter"
"914","Eif2b5","DRG","75% Filter"
"915","Eif2d","DRG","75% Filter"
"916","Eif2s3x","DRG","75% Filter"
"917","Eif3j1","DRG","75% Filter"
"918","Eif3k","DRG","75% Filter"
"919","Eif4a3","DRG","75% Filter"
"920","Eif4e2","DRG","75% Filter"
"921","Eif5b","DRG","75% Filter"
"922","Elac2","DRG","75% Filter"
"923","Elapor2","DRG","75% Filter"
"924","Eloa","DRG","75% Filter"
"925","Elovl5","DRG","75% Filter"
"926","Elp2","DRG","75% Filter"
"927","Elp3","DRG","75% Filter"
"928","Elp5","DRG","75% Filter"
"929","Elp6","DRG","75% Filter"
"930","Emc2","DRG","75% Filter"
"931","Emc7","DRG","75% Filter"
"932","Emc8","DRG","75% Filter"
"933","Emilin2","DRG","75% Filter"
"934","Entpd4","DRG","75% Filter"
"935","Eny2","DRG","75% Filter"
"936","Epb41l5","DRG","75% Filter"
"937","Epc1","DRG","75% Filter"
"938","Ercc1","DRG","75% Filter"
"939","Ercc3","DRG","75% Filter"
"940","Ergic1","DRG","75% Filter"
"941","Ergic3","DRG","75% Filter"
"942","Eri3","DRG","75% Filter"
"943","Esf1","DRG","75% Filter"
"944","Etfb","DRG","75% Filter"
"945","Ethe1","DRG","75% Filter"
"946","Etnk1","DRG","75% Filter"
"947","Exd2","DRG","75% Filter"
"948","Exoc6","DRG","75% Filter"
"949","Exosc9","DRG","75% Filter"
"950","Fads2","DRG","75% Filter"
"951","Fads3","DRG","75% Filter"
"952","Fam102a","DRG","75% Filter"
"953","Fam120b","DRG","75% Filter"
"954","Fam13b","DRG","75% Filter"
"955","Fam149b1","DRG","75% Filter"
"956","Fam168a","DRG","75% Filter"
"957","Fam184b","DRG","75% Filter"
"958","Fam189b","DRG","75% Filter"
"959","Fam193b","DRG","75% Filter"
"960","Fam214b","DRG","75% Filter"
"961","Fam219a","DRG","75% Filter"
"962","Fam221a","DRG","75% Filter"
"963","Fam234b","DRG","75% Filter"
"964","Fam50a","DRG","75% Filter"
"965","Fam91a1","DRG","75% Filter"
"966","Fam98b","DRG","75% Filter"
"967","Farsa","DRG","75% Filter"
"968","Faxc","DRG","75% Filter"
"969","Fbll1","DRG","75% Filter"
"970","Fbxo10","DRG","75% Filter"
"971","Fbxo22","DRG","75% Filter"
"972","Fbxo25","DRG","75% Filter"
"973","Fbxo7","DRG","75% Filter"
"974","Fgd1","DRG","75% Filter"
"975","Fgfr1op2","DRG","75% Filter"
"976","Fh","DRG","75% Filter"
"977","Fhod3","DRG","75% Filter"
"978","Flii","DRG","75% Filter"
"979","Flvcr1","DRG","75% Filter"
"980","Fmr1","DRG","75% Filter"
"981","Fnip1","DRG","75% Filter"
"982","Foxk1","DRG","75% Filter"
"983","Foxk2","DRG","75% Filter"
"984","Fra10ac1","DRG","75% Filter"
"985","Frg1","DRG","75% Filter"
"986","Frmd3","DRG","75% Filter"
"987","Fto","DRG","75% Filter"
"988","Ftsj3","DRG","75% Filter"
"989","Fv1","DRG","75% Filter"
"990","Fyttd1","DRG","75% Filter"
"991","Gabpa","DRG","75% Filter"
"992","Gale","DRG","75% Filter"
"993","Gan","DRG","75% Filter"
"994","Gar1","DRG","75% Filter"
"995","Gas2l1","DRG","75% Filter"
"996","Gatad2a","DRG","75% Filter"
"997","Gatd1","DRG","75% Filter"
"998","Gatm","DRG","75% Filter"
"999","Gcc2","DRG","75% Filter"
"1000","Gda","DRG","75% Filter"
"1001","Get4","DRG","75% Filter"
"1002","Gfpt1","DRG","75% Filter"
"1003","Gid8","DRG","75% Filter"
"1004","Gipc1","DRG","75% Filter"
"1005","Gle1","DRG","75% Filter"
"1006","Gm11992","DRG","75% Filter"
"1007","Gna14","DRG","75% Filter"
"1008","Gnas","DRG","75% Filter"
"1009","Gnl1","DRG","75% Filter"
"1010","Gnl3l","DRG","75% Filter"
"1011","Gnpda2","DRG","75% Filter"
"1012","Golga2","DRG","75% Filter"
"1013","Golph3l","DRG","75% Filter"
"1014","Gorasp1","DRG","75% Filter"
"1015","Gosr2","DRG","75% Filter"
"1016","Gpalpp1","DRG","75% Filter"
"1017","Gpam","DRG","75% Filter"
"1018","Gpat4","DRG","75% Filter"
"1019","Gpatch11","DRG","75% Filter"
"1020","Gpatch4","DRG","75% Filter"
"1021","Gpbp1","DRG","75% Filter"
"1022","Gpbp1l1","DRG","75% Filter"
"1023","Gpkow","DRG","75% Filter"
"1024","Gpn1","DRG","75% Filter"
"1025","Gprasp1","DRG","75% Filter"
"1026","Gprasp2","DRG","75% Filter"
"1027","Gprc5c","DRG","75% Filter"
"1028","Gprin3","DRG","75% Filter"
"1029","Gps2","DRG","75% Filter"
"1030","Gpx1","DRG","75% Filter"
"1031","Grid2ip","DRG","75% Filter"
"1032","Grpel1","DRG","75% Filter"
"1033","Gtf2e1","DRG","75% Filter"
"1034","Gtf2e2","DRG","75% Filter"
"1035","Gtf2h1","DRG","75% Filter"
"1036","Gtf2h3","DRG","75% Filter"
"1037","Gtf2h5","DRG","75% Filter"
"1038","Gys1","DRG","75% Filter"
"1039","H2bc12","DRG","75% Filter"
"1040","Hacd2","DRG","75% Filter"
"1041","Hcn4","DRG","75% Filter"
"1042","Hdac2","DRG","75% Filter"
"1043","Hdac3","DRG","75% Filter"
"1044","Hdac9","DRG","75% Filter"
"1045","Hdgfl3","DRG","75% Filter"
"1046","Heatr6","DRG","75% Filter"
"1047","Hectd3","DRG","75% Filter"
"1048","Helz","DRG","75% Filter"
"1049","Herc2","DRG","75% Filter"
"1050","Hexim1","DRG","75% Filter"
"1051","Hibch","DRG","75% Filter"
"1052","Hira","DRG","75% Filter"
"1053","Hivep3","DRG","75% Filter"
"1054","Hltf","DRG","75% Filter"
"1055","Hmgcr","DRG","75% Filter"
"1056","Hnrnph2","DRG","75% Filter"
"1057","Hnrnpll","DRG","75% Filter"
"1058","Homer2","DRG","75% Filter"
"1059","Homez","DRG","75% Filter"
"1060","Hook1","DRG","75% Filter"
"1061","Hook2","DRG","75% Filter"
"1062","Hpx","DRG","75% Filter"
"1063","Hsbp1","DRG","75% Filter"
"1064","Hsf1","DRG","75% Filter"
"1065","Hspbap1","DRG","75% Filter"
"1066","Htr1f","DRG","75% Filter"
"1067","Hyou1","DRG","75% Filter"
"1068","Ibtk","DRG","75% Filter"
"1069","Ice1","DRG","75% Filter"
"1070","Ice2","DRG","75% Filter"
"1071","Idi1","DRG","75% Filter"
"1072","Ifit1","DRG","75% Filter"
"1073","Ift122","DRG","75% Filter"
"1074","Ift140","DRG","75% Filter"
"1075","Ift20","DRG","75% Filter"
"1076","Ift43","DRG","75% Filter"
"1077","Ift46","DRG","75% Filter"
"1078","Ift52","DRG","75% Filter"
"1079","Ift57","DRG","75% Filter"
"1080","Iftap","DRG","75% Filter"
"1081","Ighmbp2","DRG","75% Filter"
"1082","Ilkap","DRG","75% Filter"
"1083","Impdh1","DRG","75% Filter"
"1084","Inf2","DRG","75% Filter"
"1085","Ing3","DRG","75% Filter"
"1086","Inip","DRG","75% Filter"
"1087","Ints1","DRG","75% Filter"
"1088","Ints10","DRG","75% Filter"
"1089","Ints4","DRG","75% Filter"
"1090","Ints6","DRG","75% Filter"
"1091","Ints7","DRG","75% Filter"
"1092","Ints9","DRG","75% Filter"
"1093","Irag1","DRG","75% Filter"
"1094","Irak3","DRG","75% Filter"
"1095","Irf2bpl","DRG","75% Filter"
"1096","Isl1","DRG","75% Filter"
"1097","Isl2","DRG","75% Filter"
"1098","Isoc1","DRG","75% Filter"
"1099","Itgb1bp1","DRG","75% Filter"
"1100","Itm2c","DRG","75% Filter"
"1101","Ivns1abp","DRG","75% Filter"
"1102","Jade3","DRG","75% Filter"
"1103","Jmjd1c","DRG","75% Filter"
"1104","Jph1","DRG","75% Filter"
"1105","Jph3","DRG","75% Filter"
"1106","Jph4","DRG","75% Filter"
"1107","Kalrn","DRG","75% Filter"
"1108","Katnip","DRG","75% Filter"
"1109","Kbtbd4","DRG","75% Filter"
"1110","Kcmf1","DRG","75% Filter"
"1111","Kcnc4","DRG","75% Filter"
"1112","Kcng3","DRG","75% Filter"
"1113","Kcnh2","DRG","75% Filter"
"1114","Kcnh5","DRG","75% Filter"
"1115","Kcnq4","DRG","75% Filter"
"1116","Kcnq5","DRG","75% Filter"
"1117","Kcns1","DRG","75% Filter"
"1118","Kct2","DRG","75% Filter"
"1119","Kctd9","DRG","75% Filter"
"1120","Kdm3b","DRG","75% Filter"
"1121","Kdm5c","DRG","75% Filter"
"1122","Keap1","DRG","75% Filter"
"1123","Khdc4","DRG","75% Filter"
"1124","Khdrbs2","DRG","75% Filter"
"1125","Khdrbs3","DRG","75% Filter"
"1126","Kiaa0232","DRG","75% Filter"
"1127","Kiaa0319","DRG","75% Filter"
"1128","Kiaa0319l","DRG","75% Filter"
"1129","Kiaa0754","DRG","75% Filter"
"1130","Kiaa1522","DRG","75% Filter"
"1131","Kif1b","DRG","75% Filter"
"1132","Kin","DRG","75% Filter"
"1133","Kiz","DRG","75% Filter"
"1134","Kndc1","DRG","75% Filter"
"1135","Knop1","DRG","75% Filter"
"1136","Kri1","DRG","75% Filter"
"1137","Krit1","DRG","75% Filter"
"1138","Krtcap2","DRG","75% Filter"
"1139","Kti12","DRG","75% Filter"
"1140","Lage3","DRG","75% Filter"
"1141","Lama1","DRG","75% Filter"
"1142","Lamtor3","DRG","75% Filter"
"1143","Larp7","DRG","75% Filter"
"1144","Lats2","DRG","75% Filter"
"1145","Lcorl","DRG","75% Filter"
"1146","Ldb1","DRG","75% Filter"
"1147","Ldb2","DRG","75% Filter"
"1148","Lgals1","DRG","75% Filter"
"1149","Lgals9","DRG","75% Filter"
"1150","Lgmn","DRG","75% Filter"
"1151","Lifr","DRG","75% Filter"
"1152","Lig3","DRG","75% Filter"
"1153","Lin7a","DRG","75% Filter"
"1154","Lman2l","DRG","75% Filter"
"1155","Lrif1","DRG","75% Filter"
"1156","Lrpap1","DRG","75% Filter"
"1157","Lrrn1","DRG","75% Filter"
"1158","Lsg1","DRG","75% Filter"
"1159","Lsm11","DRG","75% Filter"
"1160","Lsm14a","DRG","75% Filter"
"1161","Ltv1","DRG","75% Filter"
"1162","Luc7l3","DRG","75% Filter"
"1163","Lurap1l","DRG","75% Filter"
"1164","Lyar","DRG","75% Filter"
"1165","Lyrm4","DRG","75% Filter"
"1166","MARCHF2","DRG","75% Filter"
"1167","Macrod2","DRG","75% Filter"
"1168","Macroh2a2","DRG","75% Filter"
"1169","Mad1l1","DRG","75% Filter"
"1170","Magee1","DRG","75% Filter"
"1171","Magoh","DRG","75% Filter"
"1172","Man2c1","DRG","75% Filter"
"1173","Map1s","DRG","75% Filter"
"1174","Map3k1","DRG","75% Filter"
"1175","Map9","DRG","75% Filter"
"1176","Mapk14","DRG","75% Filter"
"1177","Mapk4","DRG","75% Filter"
"1178","Mapkap1","DRG","75% Filter"
"1179","Marchf11","DRG","75% Filter"
"1180","Marchf5","DRG","75% Filter"
"1181","Mat2b","DRG","75% Filter"
"1182","Max","DRG","75% Filter"
"1183","Maz","DRG","75% Filter"
"1184","Mblac2","DRG","75% Filter"
"1185","Mboat7","DRG","75% Filter"
"1186","Mcm3ap","DRG","75% Filter"
"1187","Mdc1","DRG","75% Filter"
"1188","Mdh1b","DRG","75% Filter"
"1189","Me1","DRG","75% Filter"
"1190","Mea1","DRG","75% Filter"
"1191","Mecr","DRG","75% Filter"
"1192","Med17","DRG","75% Filter"
"1193","Med27","DRG","75% Filter"
"1194","Med28","DRG","75% Filter"
"1195","Med29","DRG","75% Filter"
"1196","Med4","DRG","75% Filter"
"1197","Med6","DRG","75% Filter"
"1198","Med8","DRG","75% Filter"
"1199","Med9","DRG","75% Filter"
"1200","Mef2a","DRG","75% Filter"
"1201","Mef2d","DRG","75% Filter"
"1202","Mettl14","DRG","75% Filter"
"1203","Mettl16","DRG","75% Filter"
"1204","Mettl3","DRG","75% Filter"
"1205","Mex3d","DRG","75% Filter"
"1206","Mfap1a","DRG","75% Filter"
"1207","Mfsd10","DRG","75% Filter"
"1208","Mga","DRG","75% Filter"
"1209","Mia2","DRG","75% Filter"
"1210","Mia3","DRG","75% Filter"
"1211","Mid2","DRG","75% Filter"
"1212","Minar2","DRG","75% Filter"
"1213","Mindy2","DRG","75% Filter"
"1214","Mipep","DRG","75% Filter"
"1215","Misp","DRG","75% Filter"
"1216","Mkln1","DRG","75% Filter"
"1217","Mknk1","DRG","75% Filter"
"1218","Mkrn1","DRG","75% Filter"
"1219","Mlh1","DRG","75% Filter"
"1220","Mmab","DRG","75% Filter"
"1221","Mmgt1","DRG","75% Filter"
"1222","Mnat1","DRG","75% Filter"
"1223","Mob3a","DRG","75% Filter"
"1224","Mon1b","DRG","75% Filter"
"1225","Morn4","DRG","75% Filter"
"1226","Mospd2","DRG","75% Filter"
"1227","Mphosph10","DRG","75% Filter"
"1228","Mphosph8","DRG","75% Filter"
"1229","Mrpl30","DRG","75% Filter"
"1230","Mrtfa","DRG","75% Filter"
"1231","Msi1","DRG","75% Filter"
"1232","Msi2","DRG","75% Filter"
"1233","Msl1","DRG","75% Filter"
"1234","Mta3","DRG","75% Filter"
"1235","Mtf1","DRG","75% Filter"
"1236","Mtmr4","DRG","75% Filter"
"1237","Mtor","DRG","75% Filter"
"1238","Mtr","DRG","75% Filter"
"1239","Mug2","DRG","75% Filter"
"1240","Mustn1","DRG","75% Filter"
"1241","Mvd","DRG","75% Filter"
"1242","Myadm","DRG","75% Filter"
"1243","Mycbp","DRG","75% Filter"
"1244","Myo1d","DRG","75% Filter"
"1245","Myt1","DRG","75% Filter"
"1246","Naa10","DRG","75% Filter"
"1247","Naa15","DRG","75% Filter"
"1248","Naa16","DRG","75% Filter"
"1249","Naa30","DRG","75% Filter"
"1250","Naaa","DRG","75% Filter"
"1251","Nacc2","DRG","75% Filter"
"1252","Nampt","DRG","75% Filter"
"1253","Nasp","DRG","75% Filter"
"1254","Nat10","DRG","75% Filter"
"1255","Naxd","DRG","75% Filter"
"1256","Nbeal2","DRG","75% Filter"
"1257","Nbn","DRG","75% Filter"
"1258","Ncbp2","DRG","75% Filter"
"1259","Ncoa5","DRG","75% Filter"
"1260","Ncoa6","DRG","75% Filter"
"1261","Ndc1","DRG","75% Filter"
"1262","Ndel1","DRG","75% Filter"
"1263","Ndn","DRG","75% Filter"
"1264","Ndufa13","DRG","75% Filter"
"1265","Ndufa5","DRG","75% Filter"
"1266","Ndufa8","DRG","75% Filter"
"1267","Nelfa","DRG","75% Filter"
"1268","Nfkbib","DRG","75% Filter"
"1269","Nfrkb","DRG","75% Filter"
"1270","Ngfr","DRG","75% Filter"
"1271","Nhp2","DRG","75% Filter"
"1272","Nicn1","DRG","75% Filter"
"1273","Nifk","DRG","75% Filter"
"1274","Nipa1","DRG","75% Filter"
"1275","Nipsnap3b","DRG","75% Filter"
"1276","Nkiras1","DRG","75% Filter"
"1277","Nmd3","DRG","75% Filter"
"1278","Nob1","DRG","75% Filter"
"1279","Noc4l","DRG","75% Filter"
"1280","Nol4l","DRG","75% Filter"
"1281","Nol8","DRG","75% Filter"
"1282","Nol9","DRG","75% Filter"
"1283","Nop16","DRG","75% Filter"
"1284","Nop2","DRG","75% Filter"
"1285","Nosip","DRG","75% Filter"
"1286","Npepl1","DRG","75% Filter"
"1287","Npl","DRG","75% Filter"
"1288","Npr2","DRG","75% Filter"
"1289","Nprl2","DRG","75% Filter"
"1290","Nqo2","DRG","75% Filter"
"1291","Nr2c2","DRG","75% Filter"
"1292","Nrdc","DRG","75% Filter"
"1293","Nrip3","DRG","75% Filter"
"1294","Nsd1","DRG","75% Filter"
"1295","Nsd3","DRG","75% Filter"
"1296","Nsg1","DRG","75% Filter"
"1297","Nsmaf","DRG","75% Filter"
"1298","Nsun6","DRG","75% Filter"
"1299","Nub1","DRG","75% Filter"
"1300","Nucb1","DRG","75% Filter"
"1301","Nudt10","DRG","75% Filter"
"1302","Nup107","DRG","75% Filter"
"1303","Nup133","DRG","75% Filter"
"1304","Nup155","DRG","75% Filter"
"1305","Nup188","DRG","75% Filter"
"1306","Nup35","DRG","75% Filter"
"1307","Nup42","DRG","75% Filter"
"1308","Nup43","DRG","75% Filter"
"1309","Nup88","DRG","75% Filter"
"1310","Nvl","DRG","75% Filter"
"1311","Nwd2","DRG","75% Filter"
"1312","Nxf1","DRG","75% Filter"
"1313","Nxt2","DRG","75% Filter"
"1314","Oat","DRG","75% Filter"
"1315","Odr4","DRG","75% Filter"
"1316","Ofd1","DRG","75% Filter"
"1317","Ogdh","DRG","75% Filter"
"1318","Ogfod1","DRG","75% Filter"
"1319","Ogfr","DRG","75% Filter"
"1320","Ogg1","DRG","75% Filter"
"1321","Osbpl5","DRG","75% Filter"
"1322","Otud3","DRG","75% Filter"
"1323","Oxct1","DRG","75% Filter"
"1324","Paat","DRG","75% Filter"
"1325","Pabir1","DRG","75% Filter"
"1326","Paf1","DRG","75% Filter"
"1327","Pagr1a","DRG","75% Filter"
"1328","Paip2","DRG","75% Filter"
"1329","Pak1ip1","DRG","75% Filter"
"1330","Pan2","DRG","75% Filter"
"1331","Pan3","DRG","75% Filter"
"1332","Papss1","DRG","75% Filter"
"1333","Paqr3","DRG","75% Filter"
"1334","Paqr9","DRG","75% Filter"
"1335","Parl","DRG","75% Filter"
"1336","Parp1","DRG","75% Filter"
"1337","Parp4","DRG","75% Filter"
"1338","Patj","DRG","75% Filter"
"1339","Pbx2","DRG","75% Filter"
"1340","Pcdha10","DRG","75% Filter"
"1341","Pck2","DRG","75% Filter"
"1342","Pcnt","DRG","75% Filter"
"1343","Pcnx3","DRG","75% Filter"
"1344","Pcsk1n","DRG","75% Filter"
"1345","Pde3b","DRG","75% Filter"
"1346","Pde4a","DRG","75% Filter"
"1347","Pde4dip","DRG","75% Filter"
"1348","Pdhx","DRG","75% Filter"
"1349","Pdpk1","DRG","75% Filter"
"1350","Pdpr","DRG","75% Filter"
"1351","Pelo","DRG","75% Filter"
"1352","Pelp1","DRG","75% Filter"
"1353","Pes1","DRG","75% Filter"
"1354","Pex11b","DRG","75% Filter"
"1355","Pex13","DRG","75% Filter"
"1356","Pex26","DRG","75% Filter"
"1357","Pex3","DRG","75% Filter"
"1358","Pfn2","DRG","75% Filter"
"1359","Pgap1","DRG","75% Filter"
"1360","Pgm1","DRG","75% Filter"
"1361","Pgrmc1","DRG","75% Filter"
"1362","Pgs1","DRG","75% Filter"
"1363","Phax","DRG","75% Filter"
"1364","Phc3","DRG","75% Filter"
"1365","Pheta1","DRG","75% Filter"
"1366","Phf14","DRG","75% Filter"
"1367","Phf23","DRG","75% Filter"
"1368","Phf5a","DRG","75% Filter"
"1369","Phip","DRG","75% Filter"
"1370","Phtf1","DRG","75% Filter"
"1371","Pias2","DRG","75% Filter"
"1372","Piezo2","DRG","75% Filter"
"1373","Pigw","DRG","75% Filter"
"1374","Pih1d1","DRG","75% Filter"
"1375","Pip4p2","DRG","75% Filter"
"1376","Pirt","DRG","75% Filter"
"1377","Pitpnm3","DRG","75% Filter"
"1378","Pitrm1","DRG","75% Filter"
"1379","Pja1","DRG","75% Filter"
"1380","Pknox2","DRG","75% Filter"
"1381","Plbd2","DRG","75% Filter"
"1382","Plcd4","DRG","75% Filter"
"1383","Pld3","DRG","75% Filter"
"1384","Plekha3","DRG","75% Filter"
"1385","Plekha8","DRG","75% Filter"
"1386","Plekhg5","DRG","75% Filter"
"1387","Plekhm1","DRG","75% Filter"
"1388","Plekhm3","DRG","75% Filter"
"1389","Plrg1","DRG","75% Filter"
"1390","Pmvk","DRG","75% Filter"
"1391","Pnpla7","DRG","75% Filter"
"1392","Poglut1","DRG","75% Filter"
"1393","Pold3","DRG","75% Filter"
"1394","Poli","DRG","75% Filter"
"1395","Polr1d","DRG","75% Filter"
"1396","Polr2b","DRG","75% Filter"
"1397","Polr3d","DRG","75% Filter"
"1398","Polr3e","DRG","75% Filter"
"1399","Polr3g","DRG","75% Filter"
"1400","Pom121l2","DRG","75% Filter"
"1401","Pomgnt1","DRG","75% Filter"
"1402","Pop4","DRG","75% Filter"
"1403","Por","DRG","75% Filter"
"1404","Pot1","DRG","75% Filter"
"1405","Ppcdc","DRG","75% Filter"
"1406","Ppdpf","DRG","75% Filter"
"1407","Ppih","DRG","75% Filter"
"1408","Ppil2","DRG","75% Filter"
"1409","Ppil4","DRG","75% Filter"
"1410","Ppp1r37","DRG","75% Filter"
"1411","Ppp1r3a","DRG","75% Filter"
"1412","Ppp1r8","DRG","75% Filter"
"1413","Ppp4r1","DRG","75% Filter"
"1414","Ppp4r2","DRG","75% Filter"
"1415","Ppp4r3b","DRG","75% Filter"
"1416","Ppwd1","DRG","75% Filter"
"1417","Prex1","DRG","75% Filter"
"1418","Prkaca","DRG","75% Filter"
"1419","Prkag1","DRG","75% Filter"
"1420","Prkd1","DRG","75% Filter"
"1421","Prkrip1","DRG","75% Filter"
"1422","Prmt1","DRG","75% Filter"
"1423","Prmt7","DRG","75% Filter"
"1424","Prpf18","DRG","75% Filter"
"1425","Prpf19","DRG","75% Filter"
"1426","Prpf38a","DRG","75% Filter"
"1427","Prpf38b","DRG","75% Filter"
"1428","Prr12","DRG","75% Filter"
"1429","Psen1","DRG","75% Filter"
"1430","Psma3","DRG","75% Filter"
"1431","Psma5","DRG","75% Filter"
"1432","Psmb1","DRG","75% Filter"
"1433","Psmb7","DRG","75% Filter"
"1434","Psmc1","DRG","75% Filter"
"1435","Psmc6","DRG","75% Filter"
"1436","Psmd7","DRG","75% Filter"
"1437","Psmd8","DRG","75% Filter"
"1438","Ptdss1","DRG","75% Filter"
"1439","Ptma","DRG","75% Filter"
"1440","Ptpn1","DRG","75% Filter"
"1441","Ptpn3","DRG","75% Filter"
"1442","Pttg1ip","DRG","75% Filter"
"1443","Pum1","DRG","75% Filter"
"1444","Pum2","DRG","75% Filter"
"1445","Pus1","DRG","75% Filter"
"1446","Pus7","DRG","75% Filter"
"1447","Pwp1","DRG","75% Filter"
"1448","Pwwp3a","DRG","75% Filter"
"1449","Pycr3","DRG","75% Filter"
"1450","Qpctl","DRG","75% Filter"
"1451","Rab2b","DRG","75% Filter"
"1452","Rab4b","DRG","75% Filter"
"1453","Rab5b","DRG","75% Filter"
"1454","Rabac1","DRG","75% Filter"
"1455","Rabggta","DRG","75% Filter"
"1456","Rabggtb","DRG","75% Filter"
"1457","Rabl2","DRG","75% Filter"
"1458","Rad23a","DRG","75% Filter"
"1459","Rai1","DRG","75% Filter"
"1460","Ralgds","DRG","75% Filter"
"1461","Ranbp6","DRG","75% Filter"
"1462","Rasgrf1","DRG","75% Filter"
"1463","Rasgrp1","DRG","75% Filter"
"1464","Rbbp4","DRG","75% Filter"
"1465","Rbbp5","DRG","75% Filter"
"1466","Rbbp7","DRG","75% Filter"
"1467","Rbck1","DRG","75% Filter"
"1468","Rbfox1","DRG","75% Filter"
"1469","Rbm11","DRG","75% Filter"
"1470","Rbm12b1","DRG","75% Filter"
"1471","Rbm15","DRG","75% Filter"
"1472","Rbm27","DRG","75% Filter"
"1473","Rbm3","DRG","75% Filter"
"1474","Rbm33","DRG","75% Filter"
"1475","Rbm5","DRG","75% Filter"
"1476","Rbms2","DRG","75% Filter"
"1477","Rbmx2","DRG","75% Filter"
"1478","Rbmxl1","DRG","75% Filter"
"1479","Rc3h2","DRG","75% Filter"
"1480","Rcan3","DRG","75% Filter"
"1481","Rcbtb2","DRG","75% Filter"
"1482","Rcc1","DRG","75% Filter"
"1483","Rcn2","DRG","75% Filter"
"1484","Rfc1","DRG","75% Filter"
"1485","Rfc2","DRG","75% Filter"
"1486","Rfc4","DRG","75% Filter"
"1487","Rft1","DRG","75% Filter"
"1488","Rfx1","DRG","75% Filter"
"1489","Rgcc","DRG","75% Filter"
"1490","Rgl1","DRG","75% Filter"
"1491","Rhbdd2","DRG","75% Filter"
"1492","Rhbdd3","DRG","75% Filter"
"1493","Ric1","DRG","75% Filter"
"1494","Ric3","DRG","75% Filter"
"1495","Ring1","DRG","75% Filter"
"1496","Riok1","DRG","75% Filter"
"1497","Ripk2","DRG","75% Filter"
"1498","Rnaseh2b","DRG","75% Filter"
"1499","Rnf10","DRG","75% Filter"
"1500","Rnf114","DRG","75% Filter"
"1501","Rnf157","DRG","75% Filter"
"1502","Rnf2","DRG","75% Filter"
"1503","Rnf20","DRG","75% Filter"
"1504","Rnf220","DRG","75% Filter"
"1505","Rnps1","DRG","75% Filter"
"1506","Ropn1l","DRG","75% Filter"
"1507","Rpap2","DRG","75% Filter"
"1508","Rpgr","DRG","75% Filter"
"1509","Rpgrip1l","DRG","75% Filter"
"1510","Rpl38","DRG","75% Filter"
"1511","Rplp1","DRG","75% Filter"
"1512","Rpp30","DRG","75% Filter"
"1513","Rpp38","DRG","75% Filter"
"1514","Rps11","DRG","75% Filter"
"1515","Rps15","DRG","75% Filter"
"1516","Rps27","DRG","75% Filter"
"1517","Rps27a","DRG","75% Filter"
"1518","Rps5","DRG","75% Filter"
"1519","Rps6ka2","DRG","75% Filter"
"1520","Rpusd2","DRG","75% Filter"
"1521","Rraga","DRG","75% Filter"
"1522","Rras","DRG","75% Filter"
"1523","Rrp15","DRG","75% Filter"
"1524","Rrp1b","DRG","75% Filter"
"1525","Rsbn1","DRG","75% Filter"
"1526","Rsl1d1","DRG","75% Filter"
"1527","Rspo3","DRG","75% Filter"
"1528","Rsrc2","DRG","75% Filter"
"1529","Rtf1","DRG","75% Filter"
"1530","Rtf2","DRG","75% Filter"
"1531","Rusf1","DRG","75% Filter"
"1532","Ryr1","DRG","75% Filter"
"1533","Ryr3","DRG","75% Filter"
"1534","S1pr3","DRG","75% Filter"
"1535","Saal1","DRG","75% Filter"
"1536","Sae1","DRG","75% Filter"
"1537","Sap30bp","DRG","75% Filter"
"1538","Sar1b","DRG","75% Filter"
"1539","Saraf","DRG","75% Filter"
"1540","Sarm1","DRG","75% Filter"
"1541","Sc5d","DRG","75% Filter"
"1542","Scaf1","DRG","75% Filter"
"1543","Scaf8","DRG","75% Filter"
"1544","Scap","DRG","75% Filter"
"1545","Scnm1","DRG","75% Filter"
"1546","Scp2","DRG","75% Filter"
"1547","Scyl3","DRG","75% Filter"
"1548","Sde2","DRG","75% Filter"
"1549","Sdhaf4","DRG","75% Filter"
"1550","Sec22a","DRG","75% Filter"
"1551","Sec61b","DRG","75% Filter"
"1552","Sec63","DRG","75% Filter"
"1553","Seh1l","DRG","75% Filter"
"1554","Senp5","DRG","75% Filter"
"1555","Senp6","DRG","75% Filter"
"1556","Senp7","DRG","75% Filter"
"1557","Setd1a","DRG","75% Filter"
"1558","Setd2","DRG","75% Filter"
"1559","Setd3","DRG","75% Filter"
"1560","Setdb1","DRG","75% Filter"
"1561","Setdb2","DRG","75% Filter"
"1562","Sf3a2","DRG","75% Filter"
"1563","Sf3a3","DRG","75% Filter"
"1564","Sf3b6","DRG","75% Filter"
"1565","Sfr1","DRG","75% Filter"
"1566","Sfswap","DRG","75% Filter"
"1567","Sft2d3","DRG","75% Filter"
"1568","Sfxn3","DRG","75% Filter"
"1569","Sgsm3","DRG","75% Filter"
"1570","Sgtb","DRG","75% Filter"
"1571","Sh3bgr","DRG","75% Filter"
"1572","Sh3bp2","DRG","75% Filter"
"1573","Sharpin","DRG","75% Filter"
"1574","Sik3","DRG","75% Filter"
"1575","Sike1","DRG","75% Filter"
"1576","Sin3a","DRG","75% Filter"
"1577","Slc19a2","DRG","75% Filter"
"1578","Slc22a15","DRG","75% Filter"
"1579","Slc26a11","DRG","75% Filter"
"1580","Slc30a7","DRG","75% Filter"
"1581","Slc35a1","DRG","75% Filter"
"1582","Slc35a2","DRG","75% Filter"
"1583","Slc35b2","DRG","75% Filter"
"1584","Slc35b3","DRG","75% Filter"
"1585","Slc35c1","DRG","75% Filter"
"1586","Slc35e1","DRG","75% Filter"
"1587","Slc35f5","DRG","75% Filter"
"1588","Slc37a1","DRG","75% Filter"
"1589","Slc38a2","DRG","75% Filter"
"1590","Slc38a9","DRG","75% Filter"
"1591","Slc39a11","DRG","75% Filter"
"1592","Slc41a1","DRG","75% Filter"
"1593","Slc41a3","DRG","75% Filter"
"1594","Slc45a1","DRG","75% Filter"
"1595","Slc4a2","DRG","75% Filter"
"1596","Slc4a7","DRG","75% Filter"
"1597","Slc66a2","DRG","75% Filter"
"1598","Slc7a6os","DRG","75% Filter"
"1599","Slc7a7","DRG","75% Filter"
"1600","Slc9a9","DRG","75% Filter"
"1601","Slu7","DRG","75% Filter"
"1602","Smad9","DRG","75% Filter"
"1603","Smarcal1","DRG","75% Filter"
"1604","Smarcb1","DRG","75% Filter"
"1605","Smarcc1","DRG","75% Filter"
"1606","Smg6","DRG","75% Filter"
"1607","Smg8","DRG","75% Filter"
"1608","Smim12","DRG","75% Filter"
"1609","Smn1","DRG","75% Filter"
"1610","Smndc1","DRG","75% Filter"
"1611","Smpd4","DRG","75% Filter"
"1612","Smyd4","DRG","75% Filter"
"1613","Snn","DRG","75% Filter"
"1614","Snrnp40","DRG","75% Filter"
"1615","Snrnp48","DRG","75% Filter"
"1616","Snrpb","DRG","75% Filter"
"1617","Snrpb2","DRG","75% Filter"
"1618","Snrpc","DRG","75% Filter"
"1619","Snrpd1","DRG","75% Filter"
"1620","Snx10","DRG","75% Filter"
"1621","Snx15","DRG","75% Filter"
"1622","Snx29","DRG","75% Filter"
"1623","Soat1","DRG","75% Filter"
"1624","Spata13","DRG","75% Filter"
"1625","Spata5","DRG","75% Filter"
"1626","Spg21","DRG","75% Filter"
"1627","Sphkap","DRG","75% Filter"
"1628","Spice1","DRG","75% Filter"
"1629","Spire2","DRG","75% Filter"
"1630","Spry3","DRG","75% Filter"
"1631","Spry4","DRG","75% Filter"
"1632","Spryd7","DRG","75% Filter"
"1633","Srebf2","DRG","75% Filter"
"1634","Srek1","DRG","75% Filter"
"1635","Srp14","DRG","75% Filter"
"1636","Srp19","DRG","75% Filter"
"1637","Srpk1","DRG","75% Filter"
"1638","Srprb","DRG","75% Filter"
"1639","Srrt","DRG","75% Filter"
"1640","Srsf10","DRG","75% Filter"
"1641","Srsf4","DRG","75% Filter"
"1642","Srsf9","DRG","75% Filter"
"1643","Srxn1","DRG","75% Filter"
"1644","Ss18l1","DRG","75% Filter"
"1645","Ssbp2","DRG","75% Filter"
"1646","Ssbp3","DRG","75% Filter"
"1647","Ssr3","DRG","75% Filter"
"1648","Ssx2ip","DRG","75% Filter"
"1649","Stat5b","DRG","75% Filter"
"1650","Stk11ip","DRG","75% Filter"
"1651","Stoml1","DRG","75% Filter"
"1652","Stt3b","DRG","75% Filter"
"1653","Stx6","DRG","75% Filter"
"1654","Stx8","DRG","75% Filter"
"1655","Stxbp4","DRG","75% Filter"
"1656","Suclg1","DRG","75% Filter"
"1657","Sugp1","DRG","75% Filter"
"1658","Sumo1","DRG","75% Filter"
"1659","Supt20h","DRG","75% Filter"
"1660","Swi5","DRG","75% Filter"
"1661","Sybu","DRG","75% Filter"
"1662","Syde1","DRG","75% Filter"
"1663","Sympk","DRG","75% Filter"
"1664","Syndig1","DRG","75% Filter"
"1665","Syt11","DRG","75% Filter"
"1666","Syvn1","DRG","75% Filter"
"1667","Szt2","DRG","75% Filter"
"1668","Taar3","DRG","75% Filter"
"1669","Taf12","DRG","75% Filter"
"1670","Taf3","DRG","75% Filter"
"1671","Taf4b","DRG","75% Filter"
"1672","Taf7","DRG","75% Filter"
"1673","Taf8","DRG","75% Filter"
"1674","Taok2","DRG","75% Filter"
"1675","Tapt1","DRG","75% Filter"
"1676","Tarbp2","DRG","75% Filter"
"1677","Tars3","DRG","75% Filter"
"1678","Tasor","DRG","75% Filter"
"1679","Tasor2","DRG","75% Filter"
"1680","Tasp1","DRG","75% Filter"
"1681","Tbc1d20","DRG","75% Filter"
"1682","Tbc1d23","DRG","75% Filter"
"1683","Tbc1d30","DRG","75% Filter"
"1684","Tbca","DRG","75% Filter"
"1685","Tbk1","DRG","75% Filter"
"1686","Tbl1x","DRG","75% Filter"
"1687","Tbl2","DRG","75% Filter"
"1688","Tceal3","DRG","75% Filter"
"1689","Tcf20","DRG","75% Filter"
"1690","Tcf25","DRG","75% Filter"
"1691","Tcp11l2","DRG","75% Filter"
"1692","Tdrd6","DRG","75% Filter"
"1693","Tep1","DRG","75% Filter"
"1694","Tepsin","DRG","75% Filter"
"1695","Tex10","DRG","75% Filter"
"1696","Tfdp1","DRG","75% Filter"
"1697","Tfip11","DRG","75% Filter"
"1698","Thoc1","DRG","75% Filter"
"1699","Thoc7","DRG","75% Filter"
"1700","Thra","DRG","75% Filter"
"1701","Thumpd3","DRG","75% Filter"
"1702","Thyn1","DRG","75% Filter"
"1703","Tial1","DRG","75% Filter"
"1704","Tiam1","DRG","75% Filter"
"1705","Timm10","DRG","75% Filter"
"1706","Timm8a1","DRG","75% Filter"
"1707","Tirap","DRG","75% Filter"
"1708","Tlcd4","DRG","75% Filter"
"1709","Tle1","DRG","75% Filter"
"1710","Tle5","DRG","75% Filter"
"1711","Tlk2","DRG","75% Filter"
"1712","Tm9sf3","DRG","75% Filter"
"1713","Tma7","DRG","75% Filter"
"1714","Tmco1","DRG","75% Filter"
"1715","Tmem100","DRG","75% Filter"
"1716","Tmem106b","DRG","75% Filter"
"1717","Tmem109","DRG","75% Filter"
"1718","Tmem115","DRG","75% Filter"
"1719","Tmem117","DRG","75% Filter"
"1720","Tmem131","DRG","75% Filter"
"1721","Tmem131l","DRG","75% Filter"
"1722","Tmem161a","DRG","75% Filter"
"1723","Tmem165","DRG","75% Filter"
"1724","Tmem176b","DRG","75% Filter"
"1725","Tmem179","DRG","75% Filter"
"1726","Tmem184c","DRG","75% Filter"
"1727","Tmem200a","DRG","75% Filter"
"1728","Tmem209","DRG","75% Filter"
"1729","Tmem214","DRG","75% Filter"
"1730","Tmem230","DRG","75% Filter"
"1731","Tmem245","DRG","75% Filter"
"1732","Tmem45b","DRG","75% Filter"
"1733","Tmem87a","DRG","75% Filter"
"1734","Tmem87b","DRG","75% Filter"
"1735","Tmem9b","DRG","75% Filter"
"1736","Tmf1","DRG","75% Filter"
"1737","Tnip1","DRG","75% Filter"
"1738","Tnrc6c","DRG","75% Filter"
"1739","Tollip","DRG","75% Filter"
"1740","Tomm5","DRG","75% Filter"
"1741","Topbp1","DRG","75% Filter"
"1742","Tor1aip1","DRG","75% Filter"
"1743","Tox4","DRG","75% Filter"
"1744","Tpcn1","DRG","75% Filter"
"1745","Tpm4","DRG","75% Filter"
"1746","Tra2b","DRG","75% Filter"
"1747","Traf3","DRG","75% Filter"
"1748","Trappc2l","DRG","75% Filter"
"1749","Trappc3","DRG","75% Filter"
"1750","Trappc4","DRG","75% Filter"
"1751","Triap1","DRG","75% Filter"
"1752","Trim13","DRG","75% Filter"
"1753","Trim33","DRG","75% Filter"
"1754","Trim35","DRG","75% Filter"
"1755","Trim46","DRG","75% Filter"
"1756","Trir","DRG","75% Filter"
"1757","Trmt1","DRG","75% Filter"
"1758","Trmt112","DRG","75% Filter"
"1759","Trmt1l","DRG","75% Filter"
"1760","Trmt5","DRG","75% Filter"
"1761","Trnt1","DRG","75% Filter"
"1762","Trpm7","DRG","75% Filter"
"1763","Tspyl4","DRG","75% Filter"
"1764","Tspyl5","DRG","75% Filter"
"1765","Tsr2","DRG","75% Filter"
"1766","Tssc4","DRG","75% Filter"
"1767","Ttc12","DRG","75% Filter"
"1768","Ttc23l","DRG","75% Filter"
"1769","Ttc3","DRG","75% Filter"
"1770","Ttc33","DRG","75% Filter"
"1771","Ttc4","DRG","75% Filter"
"1772","Tti1","DRG","75% Filter"
"1773","Ttll7","DRG","75% Filter"
"1774","Tuba8","DRG","75% Filter"
"1775","Tubb2a","DRG","75% Filter"
"1776","Tubgcp2","DRG","75% Filter"
"1777","Tut4","DRG","75% Filter"
"1778","Tut7","DRG","75% Filter"
"1779","Txlng","DRG","75% Filter"
"1780","Txnl4a","DRG","75% Filter"
"1781","Tyw1","DRG","75% Filter"
"1782","U2af1","DRG","75% Filter"
"1783","Uap1","DRG","75% Filter"
"1784","Uba3","DRG","75% Filter"
"1785","Ube2q2","DRG","75% Filter"
"1786","Ube4a","DRG","75% Filter"
"1787","Ube4b","DRG","75% Filter"
"1788","Ubiad1","DRG","75% Filter"
"1789","Ubqln2","DRG","75% Filter"
"1790","Ubtf","DRG","75% Filter"
"1791","Ubxn2b","DRG","75% Filter"
"1792","Uchl3","DRG","75% Filter"
"1793","Uck1","DRG","75% Filter"
"1794","Uckl1","DRG","75% Filter"
"1795","Ufl1","DRG","75% Filter"
"1796","Ufsp2","DRG","75% Filter"
"1797","Unc119","DRG","75% Filter"
"1798","Unk","DRG","75% Filter"
"1799","Upf2","DRG","75% Filter"
"1800","Uqcrc1","DRG","75% Filter"
"1801","Urb1","DRG","75% Filter"
"1802","Urgcp","DRG","75% Filter"
"1803","Urm1","DRG","75% Filter"
"1804","Ush1c","DRG","75% Filter"
"1805","Usp12","DRG","75% Filter"
"1806","Usp16","DRG","75% Filter"
"1807","Usp30","DRG","75% Filter"
"1808","Usp34","DRG","75% Filter"
"1809","Usp38","DRG","75% Filter"
"1810","Usp40","DRG","75% Filter"
"1811","Usp48","DRG","75% Filter"
"1812","Utp3","DRG","75% Filter"
"1813","Uvrag","DRG","75% Filter"
"1814","Vgll4","DRG","75% Filter"
"1815","Virma","DRG","75% Filter"
"1816","Vps13b","DRG","75% Filter"
"1817","Vps41","DRG","75% Filter"
"1818","Vps52","DRG","75% Filter"
"1819","Vps54","DRG","75% Filter"
"1820","Vps72","DRG","75% Filter"
"1821","Vti1a","DRG","75% Filter"
"1822","Washc3","DRG","75% Filter"
"1823","Washc5","DRG","75% Filter"
"1824","Wbp4","DRG","75% Filter"
"1825","Wdcp","DRG","75% Filter"
"1826","Wdfy1","DRG","75% Filter"
"1827","Wdr18","DRG","75% Filter"
"1828","Wdr35","DRG","75% Filter"
"1829","Wdr4","DRG","75% Filter"
"1830","Wdr48","DRG","75% Filter"
"1831","Wdr5","DRG","75% Filter"
"1832","Wdr62","DRG","75% Filter"
"1833","Wdr70","DRG","75% Filter"
"1834","Wdr77","DRG","75% Filter"
"1835","Wdr81","DRG","75% Filter"
"1836","Wdtc1","DRG","75% Filter"
"1837","Wiz","DRG","75% Filter"
"1838","Wls","DRG","75% Filter"
"1839","Wrap53","DRG","75% Filter"
"1840","Wsb2","DRG","75% Filter"
"1841","Wtap","DRG","75% Filter"
"1842","Xk","DRG","75% Filter"
"1843","Xpnpep1","DRG","75% Filter"
"1844","Xrcc1","DRG","75% Filter"
"1845","Xrcc4","DRG","75% Filter"
"1846","Xrcc6","DRG","75% Filter"
"1847","Ybx1","DRG","75% Filter"
"1848","Ybx3","DRG","75% Filter"
"1849","Yif1a","DRG","75% Filter"
"1850","Yif1b","DRG","75% Filter"
"1851","Yipf3","DRG","75% Filter"
"1852","Yipf4","DRG","75% Filter"
"1853","Yipf5","DRG","75% Filter"
"1854","Yipf6","DRG","75% Filter"
"1855","Yju2","DRG","75% Filter"
"1856","Ythdc1","DRG","75% Filter"
"1857","Ythdf2","DRG","75% Filter"
"1858","Zc3h6","DRG","75% Filter"
"1859","Zc3hc1","DRG","75% Filter"
"1860","Zcchc8","DRG","75% Filter"
"1861","Zdhhc13","DRG","75% Filter"
"1862","Zdhhc17","DRG","75% Filter"
"1863","Zdhhc2","DRG","75% Filter"
"1864","Zdhhc21","DRG","75% Filter"
"1865","Zdhhc23","DRG","75% Filter"
"1866","Zdhhc24","DRG","75% Filter"
"1867","Zdhhc7","DRG","75% Filter"
"1868","Zeb1","DRG","75% Filter"
"1869","Zfhx3","DRG","75% Filter"
"1870","Zfp120","DRG","75% Filter"
"1871","Zfpl1","DRG","75% Filter"
"1872","Zfyve27","DRG","75% Filter"
"1873","Zhx3","DRG","75% Filter"
"1874","Zmat1","DRG","75% Filter"
"1875","Zmat3","DRG","75% Filter"
"1876","Zmat4","DRG","75% Filter"
"1877","Zmiz1","DRG","75% Filter"
"1878","Zmym2","DRG","75% Filter"
"1879","Zmym3","DRG","75% Filter"
"1880","Znf281","DRG","75% Filter"
"1881","Znf318","DRG","75% Filter"
"1882","Znf326","DRG","75% Filter"
"1883","Znf346","DRG","75% Filter"
"1884","Znf385a","DRG","75% Filter"
"1885","Znf385b","DRG","75% Filter"
"1886","Znf516","DRG","75% Filter"
"1887","Znf521","DRG","75% Filter"
"1888","Znf532","DRG","75% Filter"
"1889","Znf609","DRG","75% Filter"
"1890","Znf622","DRG","75% Filter"
"1891","Znf672","DRG","75% Filter"
"1892","Znf800","DRG","75% Filter"
"1893","Znf827","DRG","75% Filter"
"1894","Znf830","DRG","75% Filter"
"1895","Znfx1","DRG","75% Filter"
"1896","Znhit6","DRG","75% Filter"
"1897","Znrd2","DRG","75% Filter"
"1898","Zpr1","DRG","75% Filter"
"1899","Zscan21","DRG","75% Filter"
"1900","Zswim1","DRG","75% Filter"
"1901","Zswim8","DRG","75% Filter"
"1902","rp9","DRG","75% Filter"
"1903","Abca5","LSC","75% Filter"
"1904","Acad8","LSC","75% Filter"
"1905","Acad9","LSC","75% Filter"
"1906","Aco1","LSC","75% Filter"
"1907","Acrbp","LSC","75% Filter"
"1908","Acyp1","LSC","75% Filter"
"1909","Adap2","LSC","75% Filter"
"1910","Agap2","LSC","75% Filter"
"1911","Aifm3","LSC","75% Filter"
"1912","Ajm1","LSC","75% Filter"
"1913","Aldh18a1","LSC","75% Filter"
"1914","Amot","LSC","75% Filter"
"1915","Anapc1","LSC","75% Filter"
"1916","Anks1a","LSC","75% Filter"
"1917","Apbb3","LSC","75% Filter"
"1918","Apc2","LSC","75% Filter"
"1919","Appl2","LSC","75% Filter"
"1920","Arhgef17","LSC","75% Filter"
"1921","Arpc1a","LSC","75% Filter"
"1922","Atg4c","LSC","75% Filter"
"1923","Atp1a4","LSC","75% Filter"
"1924","Atp1b3","LSC","75% Filter"
"1925","Atp5f1e","LSC","75% Filter"
"1926","Atp5mk","LSC","75% Filter"
"1927","Atp6v1d","LSC","75% Filter"
"1928","Avl9","LSC","75% Filter"
"1929","Axin1","LSC","75% Filter"
"1930","Azi2","LSC","75% Filter"
"1931","Bahcc1","LSC","75% Filter"
"1932","Bcar3","LSC","75% Filter"
"1933","Blvra","LSC","75% Filter"
"1934","Cad","LSC","75% Filter"
"1935","Cadps2","LSC","75% Filter"
"1936","Calb1","LSC","75% Filter"
"1937","Calr","LSC","75% Filter"
"1938","Camkv","LSC","75% Filter"
"1939","Capn15","LSC","75% Filter"
"1940","Capn7","LSC","75% Filter"
"1941","Casp1","LSC","75% Filter"
"1942","Cdh2","LSC","75% Filter"
"1943","Cdk18","LSC","75% Filter"
"1944","Cemip2","LSC","75% Filter"
"1945","Chek1","LSC","75% Filter"
"1946","Chl1","LSC","75% Filter"
"1947","Cldnd1","LSC","75% Filter"
"1948","Clic4","LSC","75% Filter"
"1949","Cntnap4","LSC","75% Filter"
"1950","Coq6","LSC","75% Filter"
"1951","Cox7a2","LSC","75% Filter"
"1952","Cox7a2l","LSC","75% Filter"
"1953","Creld1","LSC","75% Filter"
"1954","Csnk1g2","LSC","75% Filter"
"1955","Cyrib","LSC","75% Filter"
"1956","Daam1","LSC","75% Filter"
"1957","Dad1","LSC","75% Filter"
"1958","Dap","LSC","75% Filter"
"1959","Dbi","LSC","75% Filter"
"1960","Dcun1d3","LSC","75% Filter"
"1961","Degs1","LSC","75% Filter"
"1962","Dmwd","LSC","75% Filter"
"1963","Dnajc11","LSC","75% Filter"
"1964","Doc2b","LSC","75% Filter"
"1965","Dtx3l","LSC","75% Filter"
"1966","Echs1","LSC","75% Filter"
"1967","Ecsit","LSC","75% Filter"
"1968","Efnb1","LSC","75% Filter"
"1969","Eid2","LSC","75% Filter"
"1970","Erc2","LSC","75% Filter"
"1971","Etfdh","LSC","75% Filter"
"1972","Fads1","LSC","75% Filter"
"1973","Fah","LSC","75% Filter"
"1974","Fam162a","LSC","75% Filter"
"1975","Fam171a2","LSC","75% Filter"
"1976","Fam171b","LSC","75% Filter"
"1977","Fam210a","LSC","75% Filter"
"1978","Fbxo31","LSC","75% Filter"
"1979","Fer1l5","LSC","75% Filter"
"1980","Fez1","LSC","75% Filter"
"1981","Fhdc1","LSC","75% Filter"
"1982","Filip1","LSC","75% Filter"
"1983","Flrt3","LSC","75% Filter"
"1984","Flywch1","LSC","75% Filter"
"1985","Fmnl2","LSC","75% Filter"
"1986","Frs2","LSC","75% Filter"
"1987","Fxyd7","LSC","75% Filter"
"1988","Gabra1","LSC","75% Filter"
"1989","Gabra2","LSC","75% Filter"
"1990","Gabrb3","LSC","75% Filter"
"1991","Gdpd5","LSC","75% Filter"
"1992","Glrx","LSC","75% Filter"
"1993","Gna11","LSC","75% Filter"
"1994","Gna13","LSC","75% Filter"
"1995","Gnal","LSC","75% Filter"
"1996","Gprc5b","LSC","75% Filter"
"1997","Gpx4","LSC","75% Filter"
"1998","Gramd4","LSC","75% Filter"
"1999","Gria3","LSC","75% Filter"
"2000","Grm7","LSC","75% Filter"
"2001","Gsta4","LSC","75% Filter"
"2002","Hras","LSC","75% Filter"
"2003","Idh2","LSC","75% Filter"
"2004","Igsf3","LSC","75% Filter"
"2005","Il1rap","LSC","75% Filter"
"2006","Insyn1","LSC","75% Filter"
"2007","Itch","LSC","75% Filter"
"2008","Jakmip3","LSC","75% Filter"
"2009","Kcnab1","LSC","75% Filter"
"2010","Kcnj11","LSC","75% Filter"
"2011","Kit","LSC","75% Filter"
"2012","Lancl1","LSC","75% Filter"
"2013","Lancl2","LSC","75% Filter"
"2014","Limch1","LSC","75% Filter"
"2015","Lrrc40","LSC","75% Filter"
"2016","Lrrc8a","LSC","75% Filter"
"2017","Lztr1","LSC","75% Filter"
"2018","Mapk13","LSC","75% Filter"
"2019","Mark4","LSC","75% Filter"
"2020","Mcam","LSC","75% Filter"
"2021","Mgst1","LSC","75% Filter"
"2022","Mif","LSC","75% Filter"
"2023","Mlip","LSC","75% Filter"
"2024","Mpc1","LSC","75% Filter"
"2025","Mpc2","LSC","75% Filter"
"2026","Mrs2","LSC","75% Filter"
"2027","Mtmr12","LSC","75% Filter"
"2028","Mtnd2","LSC","75% Filter"
"2029","Myd88","LSC","75% Filter"
"2030","Nap1l5","LSC","75% Filter"
"2031","Napepld","LSC","75% Filter"
"2032","Nck2","LSC","75% Filter"
"2033","Ndufa11","LSC","75% Filter"
"2034","Ndufb8","LSC","75% Filter"
"2035","Ndufb9","LSC","75% Filter"
"2036","Ndufc2","LSC","75% Filter"
"2037","Ndufs8","LSC","75% Filter"
"2038","Necab2","LSC","75% Filter"
"2039","Neo1","LSC","75% Filter"
"2040","Nlgn2","LSC","75% Filter"
"2041","Nos1","LSC","75% Filter"
"2042","Nrsn1","LSC","75% Filter"
"2043","Nsmf","LSC","75% Filter"
"2044","Ogt","LSC","75% Filter"
"2045","Ostc","LSC","75% Filter"
"2046","Otud7a","LSC","75% Filter"
"2047","Pag1","LSC","75% Filter"
"2048","Pard3","LSC","75% Filter"
"2049","Parp12","LSC","75% Filter"
"2050","Pcdha4","LSC","75% Filter"
"2051","Pde1a","LSC","75% Filter"
"2052","Pdk2","LSC","75% Filter"
"2053","Pdzd4","LSC","75% Filter"
"2054","Pgm5","LSC","75% Filter"
"2055","Pkhd1l1","LSC","75% Filter"
"2056","Pkn1","LSC","75% Filter"
"2057","Plcl1","LSC","75% Filter"
"2058","Plppr4","LSC","75% Filter"
"2059","Plxna4","LSC","75% Filter"
"2060","Pmpca","LSC","75% Filter"
"2061","Pmpcb","LSC","75% Filter"
"2062","Ppm1h","LSC","75% Filter"
"2063","Ppm1j","LSC","75% Filter"
"2064","Ppp2ca","LSC","75% Filter"
"2065","Ppp2r2c","LSC","75% Filter"
"2066","Pptc7","LSC","75% Filter"
"2067","Prepl","LSC","75% Filter"
"2068","Prkaa2","LSC","75% Filter"
"2069","Prkar1a","LSC","75% Filter"
"2070","Prl7b1","LSC","75% Filter"
"2071","Prr14","LSC","75% Filter"
"2072","Psmb3","LSC","75% Filter"
"2073","Psmb5","LSC","75% Filter"
"2074","Ptpn9","LSC","75% Filter"
"2075","Ptprz1","LSC","75% Filter"
"2076","Pycr2","LSC","75% Filter"
"2077","Rab22a","LSC","75% Filter"
"2078","Rab27a","LSC","75% Filter"
"2079","Rab6a","LSC","75% Filter"
"2080","Rab8a","LSC","75% Filter"
"2081","Rap2a","LSC","75% Filter"
"2082","Rapgef4","LSC","75% Filter"
"2083","Rell1","LSC","75% Filter"
"2084","Rgs12","LSC","75% Filter"
"2085","Rgs14","LSC","75% Filter"
"2086","Rgs6","LSC","75% Filter"
"2087","Rhoa","LSC","75% Filter"
"2088","Rhob","LSC","75% Filter"
"2089","Rims2","LSC","75% Filter"
"2090","Rnh1","LSC","75% Filter"
"2091","Rogdi","LSC","75% Filter"
"2092","Ror2","LSC","75% Filter"
"2093","Rpap1","LSC","75% Filter"
"2094","Scoc","LSC","75% Filter"
"2095","Sema4f","LSC","75% Filter"
"2096","Septin11","LSC","75% Filter"
"2097","Sh2b1","LSC","75% Filter"
"2098","Sh3kbp1","LSC","75% Filter"
"2099","Sh3pxd2a","LSC","75% Filter"
"2100","Slc17a7","LSC","75% Filter"
"2101","Slc25a15","LSC","75% Filter"
"2102","Slc25a40","LSC","75% Filter"
"2103","Slc43a2","LSC","75% Filter"
"2104","Slc4a8","LSC","75% Filter"
"2105","Slc6a4","LSC","75% Filter"
"2106","Slc6a7","LSC","75% Filter"
"2107","Slc6a8","LSC","75% Filter"
"2108","Slitrk5","LSC","75% Filter"
"2109","Sntb1","LSC","75% Filter"
"2110","Soga1","LSC","75% Filter"
"2111","Spire1","LSC","75% Filter"
"2112","Spred1","LSC","75% Filter"
"2113","Spred2","LSC","75% Filter"
"2114","Src","LSC","75% Filter"
"2115","Sri","LSC","75% Filter"
"2116","Stoml3","LSC","75% Filter"
"2117","Ston2","LSC","75% Filter"
"2118","Stt3a","LSC","75% Filter"
"2119","Stx1a","LSC","75% Filter"
"2120","Sv2b","LSC","75% Filter"
"2121","Syt12","LSC","75% Filter"
"2122","Syt3","LSC","75% Filter"
"2123","Syt5","LSC","75% Filter"
"2124","Sytl3","LSC","75% Filter"
"2125","Tbc1d10a","LSC","75% Filter"
"2126","Tecpr1","LSC","75% Filter"
"2127","Tfeb","LSC","75% Filter"
"2128","Tgfbr2","LSC","75% Filter"
"2129","Timm50","LSC","75% Filter"
"2130","Tmem33","LSC","75% Filter"
"2131","Tmem63a","LSC","75% Filter"
"2132","Tp53bp2","LSC","75% Filter"
"2133","Tprg1l","LSC","75% Filter"
"2134","Trafd1","LSC","75% Filter"
"2135","Ttll12","LSC","75% Filter"
"2136","Txnrd3","LSC","75% Filter"
"2137","Ube2d2","LSC","75% Filter"
"2138","Ulk3","LSC","75% Filter"
"2139","Unc13a","LSC","75% Filter"
"2140","Unc13c","LSC","75% Filter"
"2141","Ush2A","LSC","75% Filter"
"2142","Usp46","LSC","75% Filter"
"2143","Vash1","LSC","75% Filter"
"2144","Vav3","LSC","75% Filter"
"2145","Vcan","LSC","75% Filter"
"2146","Vkorc1","LSC","75% Filter"
"2147","Vps26b","LSC","75% Filter"
"2148","Vwa5b2","LSC","75% Filter"
"2149","Wdfy3","LSC","75% Filter"
"2150","Wdr41","LSC","75% Filter"
"2151","Wdr54","LSC","75% Filter"
"2152","Xpo4","LSC","75% Filter"
"2153","Yeats2","LSC","75% Filter"
"2154","Yes1","LSC","75% Filter"
"2155","Yod1","LSC","75% Filter"
"2156","Zdhhc20","LSC","75% Filter"
"2157","Zfyve1","LSC","75% Filter"
"2158","Arhgap32","SCN","75% Filter"
"2159","Atp1a2","SCN","75% Filter"
"2160","Bcam","SCN","75% Filter"
"2161","Bgn","SCN","75% Filter"
"2162","Cadm4","SCN","75% Filter"
"2163","Ckm","SCN","75% Filter"
"2164","Col6a1","SCN","75% Filter"
"2165","Dchs1","SCN","75% Filter"
"2166","Dennd4c","SCN","75% Filter"
"2167","Dnajb13","SCN","75% Filter"
"2168","Eml2","SCN","75% Filter"
"2169","Entpd2","SCN","75% Filter"
"2170","Kcnab3","SCN","75% Filter"
"2171","Lama2","SCN","75% Filter"
"2172","Lamb1","SCN","75% Filter"
"2173","Lime1","SCN","75% Filter"
"2174","Marcks","SCN","75% Filter"
"2175","Mcpt4","SCN","75% Filter"
"2176","Mug1","SCN","75% Filter"
"2177","Ogn","SCN","75% Filter"
"2178","Plp2","SCN","75% Filter"
"2179","Rai14","SCN","75% Filter"
"2180","Serpina1a","SCN","75% Filter"
"2181","Slc5a4a","SCN","75% Filter"
"2182","Tspan15","SCN","75% Filter"
"2183","Vps16","SCN","75% Filter"
"2184","Acot1","paw","75% Filter"
"2185","Apoa4","paw","75% Filter"
"2186","Aqp5","paw","75% Filter"
"2187","Col16a1","paw","75% Filter"
"2188","Efemp1","paw","75% Filter"
"2189","Kng1","paw","75% Filter"
"2190","Krt20","paw","75% Filter"
"2191","Krt31","paw","75% Filter"
"2192","Lama3","paw","75% Filter"
"2193","Loxl1","paw","75% Filter"
"2194","Mup1","paw","75% Filter"
"2195","Nsun5","paw","75% Filter"
"2196","Prom2","paw","75% Filter"
"2197","Rab5c","paw","75% Filter"
"2198","Rad50","paw","75% Filter"
"2199","Serpina1d","paw","75% Filter"
